compound_id,smiles,inchikey,project,series,mw,logp,hbd,hba,tpsa,rotatable_bonds
CPD-00001,O=C(Nc1ccccc1))))N,C86A31C48C74AD-B908C2CAF6-N,JAK2_P2,Series_8,388.9,4.39,2,3,130.0,5
CPD-00002,CCOc1ccc(NC(=O)))Cl,3E012A4DBF289B-BD747CC1E4-N,JAK2_P2,Series_14,257.3,0.85,4,3,47.3,9
CPD-00003,c1ccc2c(c1)cc()N,A4506D2178EB63-AD8555A1A8-N,KRAS_P1,Series_7,501.9,2.42,0,8,111.0,7
CPD-00004,c1ccc(NC(=O)c2ccc)O,DA59B09D03CF71-3C27942391-N,CDK_P4,Series_15,369.7,3.87,3,1,74.5,8
CPD-00005,c1ccc2c(c1)cc())C,16CBB55D105996-9B0C373709-N,EGFR_P3,Series_14,449.4,3.43,2,2,81.8,3
CPD-00006,Clc1ccc(NC()))F,94961475EF3B67-DBE8886B80-N,JAK2_P2,Series_18,495.3,1.62,3,3,69.6,8
CPD-00007,c1ccc2c(c1)cc()))C,ACFF3475E9FCC8-509437BF28-N,KRAS_P1,Series_9,321.0,3.17,0,4,89.3,10
CPD-00008,COc1ccc(CC(=O)Nc2))O,746C3F1E4E3707-FEC13577FE-N,JAK2_P2,Series_6,568.1,5.65,1,8,62.0,4
CPD-00009,c1ccc2c(c1)cc()N,A4506D2178EB63-F510949A8D-N,KRAS_P1,Series_6,423.9,2.26,1,3,139.8,4
CPD-00010,COc1ccc(CC(=O)Nc2))C,AC3B02F5FFF808-64921697A8-N,CDK_P4,Series_9,410.8,3.25,3,5,71.9,2
CPD-00011,c1ccc(NC(=O)c2ccc)C,67A7D322786D5C-C159000EE7-N,JAK2_P2,Series_19,455.5,4.53,0,1,127.7,10
CPD-00012,CCOc1ccc(NC(=O))N,EB40A4DBB7C38C-79BFB3A215-N,CDK_P4,Series_3,447.2,3.99,3,2,121.2,7
CPD-00013,c1ccc(NC(=O)c2ccc)))N,7F64D1E562AC18-02BB930EDC-N,EGFR_P3,Series_4,449.5,1.82,0,6,37.7,6
CPD-00014,CC(=O)Nc1ccc()))F,54502FE5B0802D-8ACF77CAA7-N,KRAS_P1,Series_8,380.8,3.66,0,5,97.3,8
CPD-00015,Clc1ccc(NC()))N,0C26224B73D397-6373CFBCF6-N,EGFR_P3,Series_11,425.1,4.57,3,4,92.8,4
CPD-00016,c1ccncc1NC(=O))))F,E212B11A90D5A8-AE03E8936C-N,KRAS_P1,Series_18,511.9,2.64,3,8,176.5,3
CPD-00017,c1ccc2c(c1)cc()O,3D2B810EFD7D6E-6CE58CDD2E-N,CDK_P4,Series_3,220.4,2.42,0,2,82.7,2
CPD-00018,COc1ccc(CC(=O)Nc2)C,A5F4B2839FCC10-E7BB0707D2-N,CDK_P4,Series_16,522.8,4.7,0,5,71.3,9
CPD-00019,COc1ccc(CC(=O)Nc2)))O,AFA05F0A282BEC-173B1DAF46-N,CDK_P4,Series_6,661.4,3.16,3,4,19.8,10
CPD-00020,c1ccc(-c2nccn2)cc1))F,8948A311DBB467-AC5BC0D12B-N,JAK2_P2,Series_20,321.7,4.38,2,4,37.9,10
CPD-00021,CC(=O)Nc1ccc()))N,1B7980E24CF09C-0FE34A4B00-N,JAK2_P2,Series_10,359.6,1.05,3,1,71.1,3
CPD-00022,c1ccc2c(c1)cc()))Cl,09A01141194963-96AA328DD2-N,CDK_P4,Series_9,603.6,1.81,0,1,79.0,4
CPD-00023,COc1ccc(CC(=O)Nc2))Cl,FEAC1624EFD920-EB61AB1B1C-N,JAK2_P2,Series_12,423.4,1.52,3,4,98.2,10
CPD-00024,c1ccc2c(c1)cc())Cl,9CA0272F79B35C-68272C92E5-N,JAK2_P2,Series_4,473.6,3.41,4,3,114.8,2
CPD-00025,c1ccc2c(c1)cc()N,A4506D2178EB63-034A7E6737-N,EGFR_P3,Series_1,287.9,3.15,1,2,75.0,2
CPD-00026,CCOc1ccc(NC(=O)))C,A1AF0C3E71F954-CB5D71E4C2-N,CDK_P4,Series_16,392.9,3.54,3,5,110.4,8
CPD-00027,c1ccc(NC(=O)c2ccc)))N,7F64D1E562AC18-B2B01B85C8-N,CDK_P4,Series_9,404.9,4.9,2,5,95.0,7
CPD-00028,COc1ccc(CC(=O)Nc2)N,16207FCAC6E87F-210B92DF50-N,CDK_P4,Series_20,316.6,4.7,4,2,85.2,6
CPD-00029,c1ccc2c(c1)cc())Cl,9CA0272F79B35C-B6CF68D0F3-N,KRAS_P1,Series_9,311.6,3.59,0,1,57.1,2
CPD-00030,Fc1ccc(NC(=O)c2)F,AFFF6105CC785A-E5EB4DF34E-N,CDK_P4,Series_18,367.3,3.69,4,6,102.4,6
CPD-00031,c1ccc(-c2nccn2)cc1)C,5830998E601AE7-36B4DC3F35-N,KRAS_P1,Series_3,422.3,4.81,3,1,75.0,7
CPD-00032,c1ccncc1NC(=O))O,B442EB2257D6BE-A14E35796F-N,CDK_P4,Series_6,478.0,3.26,3,7,65.0,3
CPD-00033,Fc1ccc(NC(=O)c2)))F,0C41C5B2977A22-C2DCFE2C5D-N,KRAS_P1,Series_4,419.2,3.09,0,3,61.0,7
CPD-00034,COc1ccc(CC(=O)Nc2)))F,F917FA2E2BAAB0-84FE995F02-N,JAK2_P2,Series_11,383.0,3.87,2,4,56.0,2
CPD-00035,COc1ccc(CC(=O)Nc2)))F,F917FA2E2BAAB0-195614B59D-N,JAK2_P2,Series_9,488.8,4.93,2,2,138.6,5
CPD-00036,CC(=O)Nc1ccc()))Cl,124DB5EBFDE8A1-950469A937-N,CDK_P4,Series_13,404.8,2.87,0,2,84.3,5
CPD-00037,c1ccc(NC(=O)c2ccc)))Cl,320334E2C90B6C-6F6DAA7DC4-N,EGFR_P3,Series_19,578.4,3.45,2,4,128.1,2
CPD-00038,c1ccc2c(c1)cc())N,4F7A588D01D7BF-1014CA42BB-N,CDK_P4,Series_6,580.3,3.72,3,4,116.5,8
CPD-00039,Fc1ccc(NC(=O)c2))C,17AFFFD91BDA28-632534C7AA-N,JAK2_P2,Series_4,426.3,2.54,2,1,86.1,3
CPD-00040,O=C(Nc1ccccc1))))C,0B959531194807-96B104A22D-N,CDK_P4,Series_18,306.9,2.57,3,5,91.4,9
CPD-00041,COc1ccc(CC(=O)Nc2)O,DC69D658C7BB0B-8B19F945AF-N,JAK2_P2,Series_4,615.9,4.23,1,3,106.7,4
CPD-00042,c1ccc(NC(=O)c2ccc)))Cl,320334E2C90B6C-EE626511B8-N,EGFR_P3,Series_10,486.6,5.26,0,8,113.6,10
CPD-00043,Clc1ccc(NC())N,7B7D1A756B2C53-BC7C5E5F58-N,EGFR_P3,Series_9,493.2,4.76,0,8,83.3,10
CPD-00044,COc1ccc(CC(=O)Nc2)))Cl,B0ED58C6CA6FFE-9778992405-N,EGFR_P3,Series_7,482.8,1.11,2,1,111.6,7
CPD-00045,Fc1ccc(NC(=O)c2)))C,042570805AFF27-C4D4923735-N,KRAS_P1,Series_2,442.1,2.07,2,4,76.3,5
CPD-00046,c1ccncc1NC(=O))))O,8DB29799FF2CC0-E5799B3A97-N,EGFR_P3,Series_18,428.6,1.25,4,5,82.6,2
CPD-00047,c1ccc2c(c1)cc())O,3C088C47266D3D-2FC51D7022-N,JAK2_P2,Series_3,462.1,0.98,4,1,95.3,7
CPD-00048,c1ccc(NC(=O)c2ccc))F,5E81E87DA78AA5-25BDA897EE-N,CDK_P4,Series_15,410.8,2.61,4,4,65.3,10
CPD-00049,Clc1ccc(NC()))N,0C26224B73D397-EDF45089A8-N,EGFR_P3,Series_16,365.6,4.46,0,4,73.9,4
CPD-00050,c1ccncc1NC(=O)))C,57417E161A7B79-F3679BBEF9-N,JAK2_P2,Series_17,366.7,1.33,3,6,68.5,7
CPD-00051,O=C(Nc1ccccc1))))O,5B3C88D6C4B394-C8CF743ED5-N,EGFR_P3,Series_19,347.2,2.02,1,5,96.1,9
CPD-00052,CC(=O)Nc1ccc())C,224DD10CEF1888-E8A377CC1B-N,KRAS_P1,Series_2,458.1,4.33,2,7,104.8,6
CPD-00053,Fc1ccc(NC(=O)c2)))C,042570805AFF27-BDC762943B-N,CDK_P4,Series_10,513.0,5.18,0,4,103.1,10
CPD-00054,CC(=O)Nc1ccc()Cl,F526A85B6A7352-027AC4CE99-N,KRAS_P1,Series_15,448.9,5.01,0,3,85.1,8
CPD-00055,Fc1ccc(NC(=O)c2)))N,51832383A6DBF4-B044AB5589-N,CDK_P4,Series_19,331.0,3.44,1,7,147.0,10
CPD-00056,CC(=O)Nc1ccc())Cl,32203ABD3035A4-EF8DDE3D64-N,EGFR_P3,Series_6,282.8,1.86,3,7,124.9,4
CPD-00057,CCOc1ccc(NC(=O))))F,770DF8CD1FE25D-D3214484F6-N,JAK2_P2,Series_4,381.2,2.28,1,5,82.7,10
CPD-00058,Clc1ccc(NC()))C,2A97B62AD0470E-35027CD494-N,JAK2_P2,Series_15,353.7,2.9,2,8,95.2,3
CPD-00059,Clc1ccc(NC()))C,2A97B62AD0470E-98294D3DE5-N,KRAS_P1,Series_12,465.3,2.89,4,1,50.4,6
CPD-00060,O=C(Nc1ccccc1))))C,0B959531194807-74ECD8762F-N,EGFR_P3,Series_17,412.1,4.94,3,4,110.7,6
CPD-00061,c1ccncc1NC(=O))O,B442EB2257D6BE-9B71520909-N,JAK2_P2,Series_3,480.2,3.79,0,8,65.3,10
CPD-00062,Fc1ccc(NC(=O)c2))C,17AFFFD91BDA28-0A4B2923D6-N,KRAS_P1,Series_18,557.4,3.23,4,5,62.4,7
CPD-00063,Clc1ccc(NC()))Cl,CA50DDB93E8855-F773444FC7-N,JAK2_P2,Series_10,414.8,2.11,3,5,112.5,2
CPD-00064,c1ccc(NC(=O)c2ccc)))Cl,320334E2C90B6C-8377819ED6-N,CDK_P4,Series_10,386.4,1.75,0,7,77.9,6
CPD-00065,c1ccc(-c2nccn2)cc1)))F,F07680F8149532-3E9E1A8486-N,JAK2_P2,Series_18,529.4,1.22,1,7,85.8,7
CPD-00066,COc1ccc(CC(=O)Nc2)))N,6DB1F978415A5A-7E0B8C4BC4-N,JAK2_P2,Series_10,456.3,3.79,3,5,100.7,7
CPD-00067,CC(=O)Nc1ccc()F,F7987B1EB67F41-D5D7FAD012-N,JAK2_P2,Series_11,387.1,3.06,4,6,65.4,9
CPD-00068,Fc1ccc(NC(=O)c2)))C,042570805AFF27-2C97C4C217-N,JAK2_P2,Series_15,299.8,2.06,1,8,89.3,7
CPD-00069,c1ccc2c(c1)cc())F,CDD10D56938C01-5EF951322B-N,CDK_P4,Series_3,411.1,3.95,1,5,122.3,5
CPD-00070,O=C(Nc1ccccc1))C,45A968528AB610-E65779C41A-N,KRAS_P1,Series_3,353.4,5.14,2,1,35.2,9
CPD-00071,COc1ccc(CC(=O)Nc2)F,A1A46D2D979E24-ACE3469B1A-N,KRAS_P1,Series_6,423.9,3.25,3,2,78.0,6
CPD-00072,Fc1ccc(NC(=O)c2))Cl,7FB01409A18CFC-118C8CF3A0-N,JAK2_P2,Series_8,442.7,4.07,4,4,86.7,4
CPD-00073,O=C(Nc1ccccc1)))C,7A87B7DBEBE638-BD70FAB254-N,EGFR_P3,Series_15,418.3,2.98,0,7,134.0,3
CPD-00074,c1ccc(NC(=O)c2ccc))N,1A3A8F77C3C823-076796DD35-N,CDK_P4,Series_14,481.6,3.03,3,5,52.4,4
CPD-00075,c1ccncc1NC(=O))))F,E212B11A90D5A8-A9B94B0475-N,JAK2_P2,Series_2,520.6,2.75,4,3,102.0,4
CPD-00076,c1ccc(NC(=O)c2ccc)))O,9260351F124761-73BFFA231A-N,EGFR_P3,Series_4,349.7,1.28,1,7,94.4,8
CPD-00077,Clc1ccc(NC()))O,A60D8BF949577E-AA21670827-N,CDK_P4,Series_7,407.2,4.42,1,6,101.0,4
CPD-00078,c1ccc(-c2nccn2)cc1)))O,F8B014682338D6-9630121ED8-N,JAK2_P2,Series_5,477.4,1.32,1,5,108.7,9
CPD-00079,CC(=O)Nc1ccc()N,0E6DC305D01858-680BCFD945-N,CDK_P4,Series_1,471.0,2.73,1,8,107.1,9
CPD-00080,c1ccncc1NC(=O))Cl,009B68B61F6A3D-700D44D3F7-N,CDK_P4,Series_14,406.5,3.73,0,3,106.2,6
CPD-00081,Clc1ccc(NC())O,76801C81FD294E-8FEEEF43B4-N,KRAS_P1,Series_5,429.5,1.02,0,7,123.3,4
CPD-00082,Clc1ccc(NC()C,0C4C839CE6E3B1-2998824A87-N,JAK2_P2,Series_16,462.6,3.08,2,2,83.2,5
CPD-00083,O=C(Nc1ccccc1)))Cl,2E002CA56090B1-DC4ADC3B53-N,EGFR_P3,Series_12,411.2,3.95,1,2,85.3,10
CPD-00084,c1ccc(NC(=O)c2ccc)O,DA59B09D03CF71-C35E53F174-N,KRAS_P1,Series_8,401.8,2.75,0,1,43.6,8
CPD-00085,c1ccc(-c2nccn2)cc1))F,8948A311DBB467-5DD95034A4-N,CDK_P4,Series_17,398.5,2.92,2,3,39.5,6
CPD-00086,c1ccc2c(c1)cc()))O,C4FEABEDE49FD2-0664201F52-N,KRAS_P1,Series_4,298.6,3.63,2,3,87.1,5
CPD-00087,COc1ccc(CC(=O)Nc2)))F,F917FA2E2BAAB0-0AE4FD33ED-N,CDK_P4,Series_9,502.1,3.88,4,5,118.2,6
CPD-00088,Clc1ccc(NC()Cl,45D07799327B7E-48AFBD6672-N,KRAS_P1,Series_19,158.8,3.07,4,6,143.3,7
CPD-00089,CC(=O)Nc1ccc()Cl,F526A85B6A7352-4645AD1D5B-N,JAK2_P2,Series_8,321.3,1.54,3,7,92.1,9
CPD-00090,Fc1ccc(NC(=O)c2))C,17AFFFD91BDA28-62530820A1-N,JAK2_P2,Series_20,333.1,2.04,1,3,53.8,8
CPD-00091,O=C(Nc1ccccc1))Cl,9DE8C16DEF1409-CC936169B4-N,CDK_P4,Series_8,378.7,4.31,3,1,71.5,10
CPD-00092,Clc1ccc(NC()))N,0C26224B73D397-ECA1A6B929-N,CDK_P4,Series_17,462.0,3.8,4,7,51.7,8
CPD-00093,CCOc1ccc(NC(=O))))Cl,808E6215548EDF-A3319193B2-N,CDK_P4,Series_7,387.4,4.48,0,3,29.3,10
CPD-00094,c1ccc(NC(=O)c2ccc)F,13249D879B4FA8-A9F6E033CB-N,JAK2_P2,Series_4,527.9,3.79,0,3,157.5,3
CPD-00095,c1ccc(-c2nccn2)cc1)))C,45401A7EFDD455-B2818008C1-N,JAK2_P2,Series_11,328.7,3.1,1,6,121.7,8
CPD-00096,c1ccc(-c2nccn2)cc1)))N,4BC3A60CCADB56-A00CB28275-N,KRAS_P1,Series_20,516.1,3.28,4,3,55.3,2
CPD-00097,c1ccc(NC(=O)c2ccc)O,DA59B09D03CF71-DA82FD91A2-N,EGFR_P3,Series_7,423.2,3.32,4,6,82.5,7
CPD-00098,Clc1ccc(NC()C,0C4C839CE6E3B1-EFFCE2C766-N,JAK2_P2,Series_11,452.2,4.25,1,4,98.6,9
CPD-00099,O=C(Nc1ccccc1)))F,84316CCC04A9E4-564CD656D7-N,JAK2_P2,Series_1,467.6,4.13,1,1,60.7,9
CPD-00100,O=C(Nc1ccccc1))N,A1A1BB6759BEB2-FD1D55043D-N,KRAS_P1,Series_9,427.3,1.17,0,4,119.8,9
CPD-00101,COc1ccc(CC(=O)Nc2)))O,AFA05F0A282BEC-0369DA2D38-N,KRAS_P1,Series_14,663.1,4.21,3,6,109.7,6
CPD-00102,O=C(Nc1ccccc1))))Cl,DB89B34D7962FD-6B4D7D381A-N,KRAS_P1,Series_15,402.7,3.08,2,7,64.0,8
CPD-00103,c1ccc(-c2nccn2)cc1))C,714DC810421755-D2FE9BC45D-N,CDK_P4,Series_8,522.1,3.35,3,1,92.2,6
CPD-00104,c1ccc(-c2nccn2)cc1))C,714DC810421755-A14037DAE9-N,CDK_P4,Series_7,496.1,3.08,0,1,97.8,2
CPD-00105,Fc1ccc(NC(=O)c2)))O,DBECFA20CD81AA-013D9B7DFA-N,JAK2_P2,Series_3,497.4,3.67,0,1,58.0,2
CPD-00106,c1ccc(NC(=O)c2ccc))C,CCB783E7EA927A-E107E21EB4-N,EGFR_P3,Series_18,371.0,2.42,2,1,48.5,7
CPD-00107,COc1ccc(CC(=O)Nc2)O,DC69D658C7BB0B-1F942B9206-N,KRAS_P1,Series_2,351.6,1.66,2,2,81.3,3
CPD-00108,COc1ccc(CC(=O)Nc2)C,A5F4B2839FCC10-F7416A611E-N,EGFR_P3,Series_9,455.4,5.42,4,1,108.5,6
CPD-00109,c1ccc(-c2nccn2)cc1)))C,45401A7EFDD455-E1C0740624-N,EGFR_P3,Series_9,489.8,4.04,3,4,39.3,7
CPD-00110,c1ccc(-c2nccn2)cc1)))F,F07680F8149532-13C315A873-N,CDK_P4,Series_19,516.3,3.4,3,7,129.0,3
CPD-00111,O=C(Nc1ccccc1))C,45A968528AB610-15E64665D8-N,EGFR_P3,Series_16,492.9,2.96,2,3,40.4,9
CPD-00112,Clc1ccc(NC()))N,0C26224B73D397-8ECC07B50E-N,CDK_P4,Series_17,429.2,4.96,0,4,37.4,6
CPD-00113,Fc1ccc(NC(=O)c2)))Cl,D523DDC63067F8-FEDBC70F8E-N,CDK_P4,Series_15,429.4,3.63,0,6,79.2,5
CPD-00114,c1ccc(-c2nccn2)cc1)))O,F8B014682338D6-D80B91B5E3-N,EGFR_P3,Series_9,443.2,1.71,3,8,104.3,4
CPD-00115,Clc1ccc(NC())C,0AEA8A3F487DAC-05E48980B0-N,JAK2_P2,Series_17,572.1,4.92,3,1,54.7,3
CPD-00116,CCOc1ccc(NC(=O))O,648F193C997183-458966D73B-N,JAK2_P2,Series_10,263.5,0.82,4,8,84.5,4
CPD-00117,CCOc1ccc(NC(=O)))F,5DBADFE3BE0BA9-B756B989B0-N,EGFR_P3,Series_4,405.0,3.9,0,8,131.2,2
CPD-00118,Fc1ccc(NC(=O)c2))Cl,7FB01409A18CFC-B6DA44257D-N,CDK_P4,Series_11,429.1,3.32,1,8,83.8,8
CPD-00119,O=C(Nc1ccccc1))))O,5B3C88D6C4B394-33FEF3BDF9-N,CDK_P4,Series_19,399.1,2.1,2,8,101.9,5
CPD-00120,CC(=O)Nc1ccc())F,F030E777C4740D-C0121C7F1D-N,KRAS_P1,Series_16,443.9,2.72,3,5,89.1,5
CPD-00121,O=C(Nc1ccccc1))))O,5B3C88D6C4B394-2E8D95A428-N,CDK_P4,Series_2,419.9,4.43,3,2,107.5,3
CPD-00122,CC(=O)Nc1ccc()O,D04D81594EA576-490D26F99A-N,EGFR_P3,Series_11,413.2,4.2,2,6,108.8,4
CPD-00123,O=C(Nc1ccccc1)))C,7A87B7DBEBE638-AF6B76A4A0-N,CDK_P4,Series_16,351.4,2.26,0,3,73.7,9
CPD-00124,c1ccncc1NC(=O))))F,E212B11A90D5A8-8736E59EFB-N,KRAS_P1,Series_18,354.4,2.49,2,5,126.4,2
CPD-00125,c1ccc2c(c1)cc()))F,0524017DEBA59F-65F017999A-N,JAK2_P2,Series_3,425.1,2.77,0,3,80.7,5
CPD-00126,c1ccc(-c2nccn2)cc1)))Cl,6193061A065C01-2C414BAE7A-N,CDK_P4,Series_20,344.6,-0.53,1,1,123.7,2
CPD-00127,c1ccc2c(c1)cc())F,CDD10D56938C01-3BB21ABD97-N,KRAS_P1,Series_18,406.2,-0.01,0,4,99.4,8
CPD-00128,COc1ccc(CC(=O)Nc2)))Cl,B0ED58C6CA6FFE-CDB4277536-N,EGFR_P3,Series_12,463.1,2.77,4,6,75.8,10
CPD-00129,c1ccc(-c2nccn2)cc1)Cl,7498B4A00157CF-48C9CB8F86-N,JAK2_P2,Series_1,386.9,4.15,2,1,67.1,2
CPD-00130,c1ccc(-c2nccn2)cc1)F,ADA295CBF52C0A-C8E708CF84-N,EGFR_P3,Series_14,328.6,3.21,1,8,105.0,10
CPD-00131,c1ccc(-c2nccn2)cc1)N,99A75AA93FE9A8-C44E3AF656-N,JAK2_P2,Series_3,471.6,1.57,1,5,94.8,2
CPD-00132,c1ccc2c(c1)cc())N,4F7A588D01D7BF-6F37FF7C24-N,EGFR_P3,Series_11,454.5,3.5,2,2,127.5,9
CPD-00133,O=C(Nc1ccccc1)))C,7A87B7DBEBE638-96192570E2-N,CDK_P4,Series_6,471.3,4.74,4,3,153.5,4
CPD-00134,c1ccc(-c2nccn2)cc1)O,2EA3616B2CF5C5-8FC2B7EDE1-N,JAK2_P2,Series_12,431.9,2.02,2,3,62.8,3
CPD-00135,c1ccncc1NC(=O))O,B442EB2257D6BE-A6E35780A8-N,KRAS_P1,Series_6,566.0,1.67,2,6,87.5,9
CPD-00136,Clc1ccc(NC())N,7B7D1A756B2C53-5C762234A5-N,EGFR_P3,Series_13,405.4,0.31,0,1,114.3,2
CPD-00137,c1ccc(-c2nccn2)cc1)))F,F07680F8149532-840C87CEA5-N,CDK_P4,Series_11,379.7,4.64,4,2,57.2,8
CPD-00138,COc1ccc(CC(=O)Nc2))O,746C3F1E4E3707-0CDF6B3DB8-N,JAK2_P2,Series_10,448.1,1.4,1,1,82.1,7
CPD-00139,O=C(Nc1ccccc1)))C,7A87B7DBEBE638-B4FDD9B40C-N,JAK2_P2,Series_16,344.1,4.64,1,4,68.0,10
CPD-00140,O=C(Nc1ccccc1)))Cl,2E002CA56090B1-5E7DAEE87A-N,KRAS_P1,Series_10,332.3,2.73,1,7,54.5,2
CPD-00141,O=C(Nc1ccccc1))))C,0B959531194807-F82B6D020B-N,CDK_P4,Series_20,414.0,2.93,0,8,103.4,6
CPD-00142,c1ccc(-c2nccn2)cc1)F,ADA295CBF52C0A-7A12E191B5-N,EGFR_P3,Series_3,354.5,3.1,1,2,179.8,3
CPD-00143,CCOc1ccc(NC(=O))))N,A9B00FF462F139-35B53E11F6-N,CDK_P4,Series_17,491.8,4.86,3,6,91.4,9
CPD-00144,c1ccc2c(c1)cc()))C,ACFF3475E9FCC8-037FD4B12C-N,EGFR_P3,Series_19,452.8,1.2,1,2,102.7,6
CPD-00145,c1ccc(-c2nccn2)cc1))O,AF4639009D114A-275E0C6CDB-N,JAK2_P2,Series_9,497.0,3.64,0,6,73.1,6
CPD-00146,Fc1ccc(NC(=O)c2)))C,042570805AFF27-E57A8C84C1-N,CDK_P4,Series_10,352.2,4.83,0,5,72.8,8
CPD-00147,c1ccc2c(c1)cc())O,3C088C47266D3D-4D1001B663-N,EGFR_P3,Series_18,400.9,2.45,1,6,153.6,3
CPD-00148,COc1ccc(CC(=O)Nc2))C,AC3B02F5FFF808-168DEF42F6-N,JAK2_P2,Series_20,514.5,1.86,2,1,24.2,9
CPD-00149,Clc1ccc(NC())C,0AEA8A3F487DAC-59FBE5F415-N,CDK_P4,Series_10,447.0,3.89,4,3,87.0,9
CPD-00150,Clc1ccc(NC())C,0AEA8A3F487DAC-AB5E6476FD-N,CDK_P4,Series_20,513.6,2.37,3,6,80.5,5
CPD-00151,O=C(Nc1ccccc1))O,3867CEE9ED3FB6-A764B52153-N,EGFR_P3,Series_2,329.3,4.24,4,1,48.2,8
CPD-00152,c1ccncc1NC(=O)))C,57417E161A7B79-05017E279B-N,CDK_P4,Series_5,564.7,1.06,3,3,113.8,7
CPD-00153,CC(=O)Nc1ccc()))Cl,124DB5EBFDE8A1-CC67A7688A-N,EGFR_P3,Series_8,287.5,2.3,2,5,56.9,4
CPD-00154,Clc1ccc(NC()))F,94961475EF3B67-D000B813EF-N,CDK_P4,Series_1,470.0,4.0,3,1,25.5,2
CPD-00155,c1ccc(NC(=O)c2ccc)N,B5BB421E1EF7B3-3D8338696F-N,JAK2_P2,Series_4,291.0,2.05,3,6,97.8,8
CPD-00156,c1ccncc1NC(=O)))C,57417E161A7B79-9C8F02BC90-N,JAK2_P2,Series_7,379.9,2.49,1,2,101.4,8
CPD-00157,Fc1ccc(NC(=O)c2)))Cl,D523DDC63067F8-466308CD49-N,CDK_P4,Series_19,468.0,4.46,3,6,126.6,9
CPD-00158,c1ccc(NC(=O)c2ccc))Cl,14746E3A2C535D-E916F7C471-N,CDK_P4,Series_3,419.4,2.49,4,2,69.7,8
CPD-00159,O=C(Nc1ccccc1)))N,38B5280D32B47E-63D5DC043B-N,JAK2_P2,Series_11,237.7,2.52,1,8,60.8,10
CPD-00160,CC(=O)Nc1ccc()O,D04D81594EA576-959CB964B7-N,EGFR_P3,Series_18,400.1,4.83,4,8,61.9,3
CPD-00161,O=C(Nc1ccccc1))))O,5B3C88D6C4B394-07C2AC8C2D-N,KRAS_P1,Series_18,235.1,3.94,3,8,84.0,5
CPD-00162,CC(=O)Nc1ccc())N,0EECF3B272A73C-3BA65DAD2C-N,JAK2_P2,Series_6,450.4,3.38,3,6,100.0,6
CPD-00163,c1ccc(-c2nccn2)cc1)))C,45401A7EFDD455-35D2CEE33F-N,EGFR_P3,Series_6,384.1,3.68,0,8,118.8,3
CPD-00164,c1ccc2c(c1)cc())F,CDD10D56938C01-F807AA00EA-N,EGFR_P3,Series_13,277.8,2.48,4,2,90.7,7
CPD-00165,Clc1ccc(NC()))N,0C26224B73D397-FCF88377EB-N,JAK2_P2,Series_15,572.6,2.49,1,4,124.3,10
CPD-00166,CCOc1ccc(NC(=O))Cl,944F43479670FC-DF69749422-N,CDK_P4,Series_18,416.3,4.04,4,8,47.6,7
CPD-00167,Clc1ccc(NC()))N,0C26224B73D397-DB6BA8755E-N,EGFR_P3,Series_20,600.3,4.82,3,5,70.9,6
CPD-00168,c1ccc(-c2nccn2)cc1)C,5830998E601AE7-BA752709BC-N,KRAS_P1,Series_12,404.0,3.79,0,6,63.9,4
CPD-00169,c1ccc2c(c1)cc()))F,0524017DEBA59F-ECA54EF208-N,JAK2_P2,Series_16,551.2,2.95,4,7,75.9,7
CPD-00170,c1ccncc1NC(=O)))C,57417E161A7B79-5D0756E0E6-N,CDK_P4,Series_13,346.0,3.45,1,2,83.2,8
CPD-00171,O=C(Nc1ccccc1)))O,91474CED995D06-08D992F421-N,CDK_P4,Series_12,406.2,-0.01,0,1,117.5,3
CPD-00172,Fc1ccc(NC(=O)c2)N,2FABB1505212CA-2BD27C3337-N,JAK2_P2,Series_2,275.3,3.34,3,8,118.2,4
CPD-00173,CCOc1ccc(NC(=O))F,A85C21D9E8EE7A-F05233B7D4-N,CDK_P4,Series_3,377.8,2.85,4,8,65.5,4
CPD-00174,c1ccc(-c2nccn2)cc1)O,2EA3616B2CF5C5-429A3FB02D-N,KRAS_P1,Series_5,277.1,4.23,3,2,66.5,2
CPD-00175,c1ccc(NC(=O)c2ccc)Cl,7691DA572198AF-8D507A735E-N,KRAS_P1,Series_11,466.1,2.38,0,1,88.4,8
CPD-00176,c1ccc(-c2nccn2)cc1))N,FA595277B9F5EF-F6F8630EEB-N,CDK_P4,Series_3,488.3,2.85,2,3,83.0,8
CPD-00177,COc1ccc(CC(=O)Nc2))Cl,FEAC1624EFD920-A632094C4E-N,EGFR_P3,Series_17,422.1,2.94,2,1,63.8,6
CPD-00178,Fc1ccc(NC(=O)c2))O,34CFD4FB17E74F-FF2B8DFAE6-N,KRAS_P1,Series_3,347.2,2.27,4,7,110.1,9
CPD-00179,Fc1ccc(NC(=O)c2))N,D2D233A98622F6-369F692B41-N,KRAS_P1,Series_17,419.8,6.49,2,1,71.5,2
CPD-00180,Clc1ccc(NC())O,76801C81FD294E-802EFFBA61-N,JAK2_P2,Series_2,361.2,4.99,0,7,104.6,8
CPD-00181,Clc1ccc(NC()Cl,45D07799327B7E-C5749259AB-N,KRAS_P1,Series_17,408.6,0.96,4,8,82.6,8
CPD-00182,c1ccc(NC(=O)c2ccc)))C,B9B8F8CFAE0A0C-D9FFC2EE78-N,KRAS_P1,Series_10,315.0,5.21,0,4,131.5,10
CPD-00183,CC(=O)Nc1ccc())F,F030E777C4740D-68FA6B48B9-N,EGFR_P3,Series_7,371.6,1.37,4,3,62.6,7
CPD-00184,c1ccc(NC(=O)c2ccc)O,DA59B09D03CF71-77C9DB16AD-N,CDK_P4,Series_16,476.4,4.05,1,5,21.1,5
CPD-00185,c1ccc(-c2nccn2)cc1)N,99A75AA93FE9A8-5FADE1966C-N,EGFR_P3,Series_7,402.7,3.29,2,4,65.5,10
CPD-00186,CC(=O)Nc1ccc())O,470CC31F95F13A-E64446E793-N,JAK2_P2,Series_13,443.8,6.59,0,5,12.9,3
CPD-00187,CC(=O)Nc1ccc()))F,54502FE5B0802D-000B156AFF-N,JAK2_P2,Series_5,329.9,1.88,1,3,80.1,10
CPD-00188,O=C(Nc1ccccc1)))F,84316CCC04A9E4-F6DC9A534A-N,KRAS_P1,Series_10,603.9,1.68,1,6,93.4,6
CPD-00189,Fc1ccc(NC(=O)c2)C,EB1F217780A4BC-4605373E26-N,EGFR_P3,Series_1,312.2,4.24,4,1,45.1,9
CPD-00190,c1ccc(-c2nccn2)cc1)O,2EA3616B2CF5C5-4573CEA438-N,CDK_P4,Series_14,360.9,4.5,1,5,57.7,9
CPD-00191,c1ccncc1NC(=O))))O,8DB29799FF2CC0-A120314823-N,EGFR_P3,Series_3,290.5,2.9,1,2,157.8,7
CPD-00192,CC(=O)Nc1ccc()))Cl,124DB5EBFDE8A1-47CEB4C798-N,JAK2_P2,Series_16,404.9,2.15,3,7,128.0,8
CPD-00193,Fc1ccc(NC(=O)c2))Cl,7FB01409A18CFC-3139C22F5E-N,JAK2_P2,Series_4,599.9,1.34,0,8,109.2,9
CPD-00194,c1ccncc1NC(=O))))N,7BA71F31068A07-8C1733C891-N,JAK2_P2,Series_20,426.9,2.78,3,8,124.3,5
CPD-00195,CCOc1ccc(NC(=O))))Cl,808E6215548EDF-9D7052C2B2-N,KRAS_P1,Series_7,312.5,1.1,3,3,103.6,8
CPD-00196,O=C(Nc1ccccc1)))F,84316CCC04A9E4-77DA3069E1-N,CDK_P4,Series_16,383.8,1.54,1,3,89.2,9
CPD-00197,O=C(Nc1ccccc1))F,0F39C7FF749C2D-B2FF7BEFC8-N,CDK_P4,Series_3,565.6,2.9,4,2,82.8,6
CPD-00198,c1ccc2c(c1)cc()))F,0524017DEBA59F-B1CD0EFBE1-N,KRAS_P1,Series_1,396.6,3.79,2,8,106.5,3
CPD-00199,Fc1ccc(NC(=O)c2)))F,0C41C5B2977A22-E512640A6C-N,EGFR_P3,Series_8,272.1,3.6,2,8,93.5,4
CPD-00200,CC(=O)Nc1ccc()))Cl,124DB5EBFDE8A1-A6458FD5FD-N,JAK2_P2,Series_14,330.7,2.34,4,8,73.3,6
CPD-00201,c1ccc(-c2nccn2)cc1)))Cl,6193061A065C01-491FF6B368-N,EGFR_P3,Series_20,413.9,2.68,2,2,-14.3,10
CPD-00202,c1ccc2c(c1)cc()Cl,C80E2AA6E940C4-8D05E37770-N,KRAS_P1,Series_17,439.0,1.25,1,1,136.3,9
CPD-00203,c1ccncc1NC(=O)))C,57417E161A7B79-E19E94F561-N,KRAS_P1,Series_12,377.4,3.59,3,1,122.1,5
CPD-00204,c1ccc2c(c1)cc()))N,18E7AC707AD6F1-383E23F4AB-N,CDK_P4,Series_12,545.8,3.3,2,2,86.6,9
CPD-00205,CCOc1ccc(NC(=O))F,A85C21D9E8EE7A-76948747F7-N,KRAS_P1,Series_10,432.9,1.19,2,1,143.8,3
CPD-00206,O=C(Nc1ccccc1))O,3867CEE9ED3FB6-244D1A824D-N,KRAS_P1,Series_17,378.8,3.21,0,8,19.8,9
CPD-00207,c1ccc(-c2nccn2)cc1)))O,F8B014682338D6-0CFF4CBFB3-N,KRAS_P1,Series_16,500.8,2.3,0,5,58.0,5
CPD-00208,CCOc1ccc(NC(=O))O,648F193C997183-BD2EC8B643-N,KRAS_P1,Series_7,304.5,1.95,2,1,136.3,2
CPD-00209,c1ccc(-c2nccn2)cc1)C,5830998E601AE7-EC2D6B0D7F-N,CDK_P4,Series_4,610.2,2.45,1,3,41.0,3
CPD-00210,c1ccncc1NC(=O)))Cl,948E3DACDE40FE-8F967E8B65-N,CDK_P4,Series_19,620.1,1.44,3,2,71.3,2
CPD-00211,Fc1ccc(NC(=O)c2))Cl,7FB01409A18CFC-4F47351899-N,KRAS_P1,Series_19,424.1,3.46,1,3,92.3,10
CPD-00212,CCOc1ccc(NC(=O))))N,A9B00FF462F139-0C37AF50B6-N,CDK_P4,Series_4,324.5,3.27,0,6,53.5,4
CPD-00213,c1ccc(NC(=O)c2ccc))Cl,14746E3A2C535D-8F72E44446-N,EGFR_P3,Series_12,424.5,3.22,2,3,83.6,9
CPD-00214,c1ccc(NC(=O)c2ccc)N,B5BB421E1EF7B3-DA6334EFFE-N,KRAS_P1,Series_8,283.8,1.94,4,8,50.1,7
CPD-00215,Clc1ccc(NC())F,7A25E6FB0CA320-970F6652BB-N,JAK2_P2,Series_3,411.3,2.83,2,6,43.9,4
CPD-00216,c1ccc2c(c1)cc()C,354B1ACC313262-EDBF506F6E-N,KRAS_P1,Series_4,313.4,3.87,2,3,86.4,7
CPD-00217,O=C(Nc1ccccc1))O,3867CEE9ED3FB6-E8013FE5B3-N,KRAS_P1,Series_18,467.6,3.56,0,3,99.4,5
CPD-00218,CC(=O)Nc1ccc()Cl,F526A85B6A7352-1E3C45DD41-N,JAK2_P2,Series_19,450.1,1.92,2,5,114.2,5
CPD-00219,Fc1ccc(NC(=O)c2))O,34CFD4FB17E74F-4BFD568D4F-N,JAK2_P2,Series_10,471.1,4.33,2,8,122.6,8
CPD-00220,c1ccc(NC(=O)c2ccc)))F,4729F9803E73EF-59D6DFF4E4-N,EGFR_P3,Series_13,431.2,4.56,0,7,86.4,9
CPD-00221,Fc1ccc(NC(=O)c2)C,EB1F217780A4BC-3BE90E59F9-N,JAK2_P2,Series_9,538.9,4.09,4,7,141.7,2
CPD-00222,c1ccncc1NC(=O))))C,B38D7BECD15993-C6039AAF91-N,EGFR_P3,Series_6,301.5,2.92,2,4,49.4,5
CPD-00223,CC(=O)Nc1ccc()N,0E6DC305D01858-07F9D6161F-N,CDK_P4,Series_8,384.5,1.83,0,8,63.2,7
CPD-00224,c1ccncc1NC(=O))N,30435C99FB94D7-3F3E046690-N,KRAS_P1,Series_14,463.7,3.51,3,6,63.1,3
CPD-00225,c1ccc(-c2nccn2)cc1))O,AF4639009D114A-6FA73BC39A-N,CDK_P4,Series_9,368.1,3.34,0,3,67.1,8
CPD-00226,CC(=O)Nc1ccc())O,470CC31F95F13A-1F296C3224-N,KRAS_P1,Series_2,200.2,1.04,4,6,152.2,8
CPD-00227,O=C(Nc1ccccc1))))N,C86A31C48C74AD-3C64EE6248-N,CDK_P4,Series_19,384.4,1.5,1,8,79.7,10
CPD-00228,c1ccncc1NC(=O))))N,7BA71F31068A07-D0931E4603-N,CDK_P4,Series_9,441.3,3.95,0,4,51.8,6
CPD-00229,c1ccc(NC(=O)c2ccc)F,13249D879B4FA8-226F2B5335-N,CDK_P4,Series_7,536.0,2.33,1,8,75.2,10
CPD-00230,CC(=O)Nc1ccc()O,D04D81594EA576-E36C1AC0C2-N,KRAS_P1,Series_18,190.6,2.76,3,2,-3.1,6
CPD-00231,c1ccncc1NC(=O))))N,7BA71F31068A07-D6D7C1EF1F-N,EGFR_P3,Series_9,323.9,3.07,0,3,25.3,7
CPD-00232,Clc1ccc(NC()))Cl,CA50DDB93E8855-15F31AD188-N,JAK2_P2,Series_15,542.5,3.57,4,4,96.1,4
CPD-00233,Clc1ccc(NC())F,7A25E6FB0CA320-18A378F566-N,EGFR_P3,Series_14,429.5,2.94,1,1,64.4,6
CPD-00234,Clc1ccc(NC()O,4197586EC93C61-FB72305E11-N,CDK_P4,Series_10,501.5,2.93,2,8,87.1,7
CPD-00235,Clc1ccc(NC()))C,2A97B62AD0470E-E9A93CA067-N,JAK2_P2,Series_4,291.5,3.03,1,1,94.8,7
CPD-00236,c1ccc(NC(=O)c2ccc)))O,9260351F124761-97FB67BC6F-N,EGFR_P3,Series_9,520.1,0.44,3,3,100.7,7
CPD-00237,c1ccc(NC(=O)c2ccc)N,B5BB421E1EF7B3-0DF45ABF79-N,CDK_P4,Series_16,514.1,2.85,4,5,107.7,5
CPD-00238,COc1ccc(CC(=O)Nc2))Cl,FEAC1624EFD920-795CD85FE6-N,KRAS_P1,Series_15,436.1,4.18,1,1,87.2,6
CPD-00239,O=C(Nc1ccccc1)))Cl,2E002CA56090B1-16D808A5AB-N,KRAS_P1,Series_8,541.9,2.1,4,2,103.9,2
CPD-00240,COc1ccc(CC(=O)Nc2)))O,AFA05F0A282BEC-426AE030E7-N,KRAS_P1,Series_18,508.7,4.01,3,8,76.2,7
CPD-00241,CCOc1ccc(NC(=O))))Cl,808E6215548EDF-29EDE7AB18-N,KRAS_P1,Series_5,341.4,1.52,3,6,59.4,2
CPD-00242,c1ccc(NC(=O)c2ccc))F,5E81E87DA78AA5-C56A35F717-N,EGFR_P3,Series_1,393.4,4.4,0,7,111.6,9
CPD-00243,CC(=O)Nc1ccc()Cl,F526A85B6A7352-064A21A975-N,CDK_P4,Series_12,420.4,1.48,2,4,54.9,7
CPD-00244,COc1ccc(CC(=O)Nc2)))O,AFA05F0A282BEC-FDA2F1EAE4-N,EGFR_P3,Series_5,467.7,3.1,4,6,20.8,6
CPD-00245,c1ccc(-c2nccn2)cc1)))O,F8B014682338D6-06CF770BFF-N,EGFR_P3,Series_9,435.9,2.64,2,3,119.7,10
CPD-00246,CCOc1ccc(NC(=O))))O,9EF6604505DB82-D0DAB12CEB-N,EGFR_P3,Series_14,542.7,2.77,2,1,60.0,8
CPD-00247,c1ccc(NC(=O)c2ccc))O,B2B84511D9EB1D-6A279A17B2-N,EGFR_P3,Series_20,394.2,2.3,4,4,81.1,3
CPD-00248,CCOc1ccc(NC(=O))))N,A9B00FF462F139-5699EEE590-N,KRAS_P1,Series_9,488.5,2.56,2,7,117.7,7
CPD-00249,COc1ccc(CC(=O)Nc2)N,16207FCAC6E87F-3198B8A29B-N,KRAS_P1,Series_16,397.2,5.06,1,4,44.7,2
CPD-00250,O=C(Nc1ccccc1))))N,C86A31C48C74AD-5313FC838C-N,KRAS_P1,Series_20,416.7,4.58,4,3,100.3,9
CPD-00251,c1ccc2c(c1)cc()Cl,C80E2AA6E940C4-10729B6FF5-N,CDK_P4,Series_10,473.2,0.97,1,2,79.9,3
CPD-00252,c1ccncc1NC(=O)))C,57417E161A7B79-8825ECFA1D-N,KRAS_P1,Series_15,513.8,3.53,0,2,121.1,2
CPD-00253,c1ccc(-c2nccn2)cc1))O,AF4639009D114A-F0AA94CC4A-N,KRAS_P1,Series_14,273.3,3.25,3,7,123.8,8
CPD-00254,O=C(Nc1ccccc1))Cl,9DE8C16DEF1409-48B79D3A14-N,JAK2_P2,Series_8,381.2,2.88,4,7,75.1,6
CPD-00255,Clc1ccc(NC()))Cl,CA50DDB93E8855-935FBD79AC-N,CDK_P4,Series_8,282.2,4.01,4,1,47.3,8
CPD-00256,Fc1ccc(NC(=O)c2))N,D2D233A98622F6-C16EE4ACB9-N,CDK_P4,Series_5,468.6,3.29,0,6,91.6,10
CPD-00257,CCOc1ccc(NC(=O)))F,5DBADFE3BE0BA9-0565424A49-N,EGFR_P3,Series_18,449.1,3.95,0,1,90.5,5
CPD-00258,c1ccc(-c2nccn2)cc1))O,AF4639009D114A-CAF332B334-N,EGFR_P3,Series_15,440.2,3.09,1,8,50.9,9
CPD-00259,Fc1ccc(NC(=O)c2)O,DDDB2611CE4A22-924EE87717-N,EGFR_P3,Series_14,343.8,4.0,2,2,62.6,9
CPD-00260,c1ccc(NC(=O)c2ccc)))F,4729F9803E73EF-B9770790B8-N,EGFR_P3,Series_14,310.0,3.19,1,6,116.7,7
CPD-00261,O=C(Nc1ccccc1))N,A1A1BB6759BEB2-4A31F34DB5-N,EGFR_P3,Series_12,599.5,3.15,2,6,61.9,5
CPD-00262,CC(=O)Nc1ccc())C,224DD10CEF1888-B72ED56095-N,JAK2_P2,Series_16,364.9,1.73,2,7,50.0,9
CPD-00263,c1ccc(NC(=O)c2ccc)N,B5BB421E1EF7B3-B079970313-N,EGFR_P3,Series_7,393.1,3.07,2,2,99.8,3
CPD-00264,c1ccncc1NC(=O))F,9B649E77406030-4D375ACB53-N,EGFR_P3,Series_3,486.5,3.22,3,1,94.3,3
CPD-00265,CCOc1ccc(NC(=O))O,648F193C997183-851A4E04B6-N,JAK2_P2,Series_9,379.8,4.16,4,7,81.6,4
CPD-00266,Clc1ccc(NC()N,4DF76E1898DF18-4C58BADAFE-N,EGFR_P3,Series_18,497.7,1.69,1,2,85.5,5
CPD-00267,c1ccc(NC(=O)c2ccc)))F,4729F9803E73EF-5B844483EC-N,KRAS_P1,Series_17,431.1,1.59,0,6,105.4,4
CPD-00268,c1ccc(-c2nccn2)cc1)))N,4BC3A60CCADB56-2F05930969-N,EGFR_P3,Series_3,551.3,2.57,4,7,86.3,9
CPD-00269,O=C(Nc1ccccc1)))N,38B5280D32B47E-FEE0AFBD9E-N,JAK2_P2,Series_13,447.1,3.19,0,2,100.8,4
CPD-00270,CC(=O)Nc1ccc()))Cl,124DB5EBFDE8A1-6481499140-N,CDK_P4,Series_17,352.0,1.1,1,7,113.2,2
CPD-00271,COc1ccc(CC(=O)Nc2))C,AC3B02F5FFF808-6BA249545F-N,EGFR_P3,Series_4,247.8,4.88,0,3,89.8,5
CPD-00272,c1ccc2c(c1)cc()C,354B1ACC313262-8E32757B19-N,JAK2_P2,Series_18,415.7,3.12,2,1,76.4,10
CPD-00273,Clc1ccc(NC()))N,0C26224B73D397-2176581B75-N,EGFR_P3,Series_14,415.1,3.71,3,4,89.0,2
CPD-00274,c1ccc(-c2nccn2)cc1)Cl,7498B4A00157CF-334040787E-N,KRAS_P1,Series_18,501.3,2.54,1,4,76.1,2
CPD-00275,COc1ccc(CC(=O)Nc2))Cl,FEAC1624EFD920-92E649D779-N,CDK_P4,Series_2,395.1,3.18,1,6,94.7,8
CPD-00276,c1ccc2c(c1)cc())O,3C088C47266D3D-A190B008F0-N,CDK_P4,Series_3,502.1,3.14,1,7,79.3,3
CPD-00277,Clc1ccc(NC()Cl,45D07799327B7E-E017A1D2BE-N,JAK2_P2,Series_15,382.5,2.5,2,5,189.8,9
CPD-00278,c1ccc(-c2nccn2)cc1))F,8948A311DBB467-69ECE63844-N,JAK2_P2,Series_3,417.7,1.04,1,8,51.7,4
CPD-00279,c1ccc(-c2nccn2)cc1)))F,F07680F8149532-D3A8A7FAFC-N,KRAS_P1,Series_8,394.7,2.37,4,5,114.8,8
CPD-00280,Clc1ccc(NC())F,7A25E6FB0CA320-7393CB4D61-N,CDK_P4,Series_18,490.6,2.59,1,3,69.9,6
CPD-00281,CCOc1ccc(NC(=O)))Cl,3E012A4DBF289B-331DCA4007-N,CDK_P4,Series_1,322.3,2.08,0,3,107.5,4
CPD-00282,CC(=O)Nc1ccc()))N,1B7980E24CF09C-543E1C434D-N,KRAS_P1,Series_13,354.7,3.37,2,5,10.1,3
CPD-00283,CC(=O)Nc1ccc())Cl,32203ABD3035A4-0A88DA42A2-N,JAK2_P2,Series_13,384.8,3.92,4,4,68.5,6
CPD-00284,Fc1ccc(NC(=O)c2)C,EB1F217780A4BC-5B608F506C-N,KRAS_P1,Series_14,397.1,2.39,3,6,101.2,7
CPD-00285,CC(=O)Nc1ccc())O,470CC31F95F13A-5A59C46029-N,EGFR_P3,Series_15,371.0,3.68,3,2,81.0,8
CPD-00286,Fc1ccc(NC(=O)c2)))F,0C41C5B2977A22-A50EEC7BEF-N,JAK2_P2,Series_5,246.2,3.92,1,8,155.7,5
CPD-00287,c1ccc2c(c1)cc())F,CDD10D56938C01-F8CB710AF4-N,CDK_P4,Series_20,395.5,5.1,4,3,90.1,7
CPD-00288,c1ccc2c(c1)cc()))N,18E7AC707AD6F1-A16C562519-N,CDK_P4,Series_10,546.8,4.85,1,1,85.5,7
CPD-00289,c1ccc(-c2nccn2)cc1))Cl,50F86EC7962C17-487A09CDEB-N,CDK_P4,Series_12,321.5,2.7,1,1,72.9,10
CPD-00290,O=C(Nc1ccccc1))))C,0B959531194807-38EE78224C-N,JAK2_P2,Series_20,373.4,4.06,2,5,71.5,10
CPD-00291,CC(=O)Nc1ccc()))O,0130FA846BB02D-146E267EB6-N,JAK2_P2,Series_2,475.3,2.5,1,8,90.0,10
CPD-00292,CCOc1ccc(NC(=O))N,EB40A4DBB7C38C-C33C9B465E-N,JAK2_P2,Series_18,312.8,3.3,4,4,84.9,7
CPD-00293,O=C(Nc1ccccc1)))C,7A87B7DBEBE638-423D08D210-N,CDK_P4,Series_4,445.2,3.54,0,6,111.0,3
CPD-00294,Fc1ccc(NC(=O)c2))C,17AFFFD91BDA28-C7CCAEFE48-N,KRAS_P1,Series_5,352.9,1.88,2,8,73.8,9
CPD-00295,Fc1ccc(NC(=O)c2)C,EB1F217780A4BC-B197788B4D-N,KRAS_P1,Series_1,280.0,3.96,3,6,90.7,9
CPD-00296,c1ccc(NC(=O)c2ccc)))F,4729F9803E73EF-3A30AB80FC-N,EGFR_P3,Series_15,493.2,3.76,1,1,100.6,8
CPD-00297,c1ccncc1NC(=O)))N,FED279A8DFF79E-9926480F2E-N,KRAS_P1,Series_18,463.2,5.33,3,8,67.4,8
CPD-00298,O=C(Nc1ccccc1)))Cl,2E002CA56090B1-0141E16F60-N,CDK_P4,Series_6,385.7,4.9,4,7,32.1,3
CPD-00299,c1ccc2c(c1)cc()C,354B1ACC313262-92A7D0B8E4-N,CDK_P4,Series_11,426.9,1.82,1,8,105.6,3
CPD-00300,Clc1ccc(NC()))F,94961475EF3B67-1938BC6296-N,JAK2_P2,Series_18,345.2,4.62,0,8,93.9,3
CPD-00301,c1ccncc1NC(=O))))Cl,6C29BF9C86C077-EC8B01F41D-N,JAK2_P2,Series_6,500.6,4.52,4,4,110.0,4
CPD-00302,CCOc1ccc(NC(=O)))O,020880975A70A1-FC3981CACF-N,KRAS_P1,Series_6,373.3,3.54,0,1,50.9,5
CPD-00303,Clc1ccc(NC())O,76801C81FD294E-DB8BFD29C0-N,JAK2_P2,Series_11,388.7,4.69,0,3,88.4,2
CPD-00304,c1ccc2c(c1)cc()))C,ACFF3475E9FCC8-F08E4810DB-N,JAK2_P2,Series_18,410.8,2.59,3,4,20.2,8
CPD-00305,Fc1ccc(NC(=O)c2)))C,042570805AFF27-C2E5A69F26-N,KRAS_P1,Series_20,394.6,1.34,1,7,154.4,2
CPD-00306,O=C(Nc1ccccc1))O,3867CEE9ED3FB6-B2896F9734-N,CDK_P4,Series_12,503.1,1.37,3,5,119.2,4
CPD-00307,c1ccc(NC(=O)c2ccc))Cl,14746E3A2C535D-24AD4D7613-N,KRAS_P1,Series_10,285.3,2.95,0,6,48.1,8
CPD-00308,c1ccncc1NC(=O))N,30435C99FB94D7-6E99EC0A20-N,EGFR_P3,Series_4,442.0,4.36,2,1,98.9,8
CPD-00309,c1ccncc1NC(=O))))F,E212B11A90D5A8-93A23F7EF9-N,JAK2_P2,Series_8,257.3,2.44,2,1,71.2,3
CPD-00310,CC(=O)Nc1ccc()))N,1B7980E24CF09C-561CADADA7-N,EGFR_P3,Series_7,518.7,1.13,3,3,63.4,4
CPD-00311,Fc1ccc(NC(=O)c2)))N,51832383A6DBF4-7D406C2F3B-N,EGFR_P3,Series_11,520.0,2.73,3,8,97.1,7
CPD-00312,COc1ccc(CC(=O)Nc2)))C,31E27F8007A0FC-6A136BF280-N,JAK2_P2,Series_2,477.5,4.08,2,6,31.6,3
CPD-00313,CCOc1ccc(NC(=O))F,A85C21D9E8EE7A-47FDDB4A42-N,JAK2_P2,Series_13,476.7,2.49,4,5,31.3,3
CPD-00314,c1ccc(-c2nccn2)cc1))C,714DC810421755-B84050CEA2-N,CDK_P4,Series_1,399.4,2.48,0,4,94.4,7
CPD-00315,c1ccc(-c2nccn2)cc1))O,AF4639009D114A-B18E0B105F-N,JAK2_P2,Series_9,379.9,2.57,3,3,73.0,8
CPD-00316,CCOc1ccc(NC(=O)))N,5BC6658E8AC38E-C899124983-N,KRAS_P1,Series_13,595.9,2.27,2,6,72.2,2
CPD-00317,c1ccc2c(c1)cc())F,CDD10D56938C01-28F7AD871A-N,EGFR_P3,Series_15,472.2,5.26,2,8,87.7,8
CPD-00318,COc1ccc(CC(=O)Nc2)F,A1A46D2D979E24-FB61ECFBE3-N,KRAS_P1,Series_8,392.0,3.54,1,8,130.7,4
CPD-00319,c1ccc(NC(=O)c2ccc)))Cl,320334E2C90B6C-2EC2EFC658-N,JAK2_P2,Series_2,294.6,3.48,2,3,85.4,9
CPD-00320,c1ccc2c(c1)cc()))C,ACFF3475E9FCC8-FECA5E45E8-N,KRAS_P1,Series_5,309.9,5.36,1,6,58.1,4
CPD-00321,Clc1ccc(NC()))O,A60D8BF949577E-A6E13489DA-N,CDK_P4,Series_16,474.0,2.75,4,7,104.7,6
CPD-00322,c1ccncc1NC(=O)))C,57417E161A7B79-F4A3ABEF4C-N,EGFR_P3,Series_1,282.1,3.08,4,1,103.4,6
CPD-00323,CCOc1ccc(NC(=O))Cl,944F43479670FC-F75CA2C3BB-N,KRAS_P1,Series_6,510.5,4.35,4,2,109.0,5
CPD-00324,c1ccc(-c2nccn2)cc1)O,2EA3616B2CF5C5-E148A07E30-N,KRAS_P1,Series_19,341.0,4.08,3,2,40.1,4
CPD-00325,CCOc1ccc(NC(=O)))N,5BC6658E8AC38E-0C310DF3C2-N,JAK2_P2,Series_3,301.2,3.04,2,7,122.8,4
CPD-00326,c1ccc(NC(=O)c2ccc)))F,4729F9803E73EF-71F6CA05AB-N,JAK2_P2,Series_18,377.7,3.88,2,6,144.8,5
CPD-00327,c1ccc(NC(=O)c2ccc)O,DA59B09D03CF71-92BACC13D4-N,JAK2_P2,Series_11,451.3,0.58,0,1,114.6,7
CPD-00328,c1ccncc1NC(=O))N,30435C99FB94D7-D10E79FA31-N,KRAS_P1,Series_8,378.5,2.4,1,3,92.8,8
CPD-00329,c1ccc(-c2nccn2)cc1))N,FA595277B9F5EF-C2FC858AAD-N,JAK2_P2,Series_6,504.7,3.02,3,3,122.2,8
CPD-00330,O=C(Nc1ccccc1)))O,91474CED995D06-B8B3268E7B-N,CDK_P4,Series_18,446.6,2.76,2,1,48.8,9
CPD-00331,c1ccc(-c2nccn2)cc1)))O,F8B014682338D6-1759C7B5B8-N,JAK2_P2,Series_10,526.1,2.74,0,6,99.0,6
CPD-00332,c1ccc(NC(=O)c2ccc)))O,9260351F124761-FB68638096-N,EGFR_P3,Series_19,401.7,3.9,4,8,100.1,10
CPD-00333,COc1ccc(CC(=O)Nc2)C,A5F4B2839FCC10-63BEE2891B-N,KRAS_P1,Series_7,446.1,0.41,4,3,89.2,2
CPD-00334,c1ccc(-c2nccn2)cc1)N,99A75AA93FE9A8-3E409B7CE7-N,KRAS_P1,Series_2,354.0,4.56,1,2,59.5,6
CPD-00335,c1ccc2c(c1)cc()F,4F866AD358CDDF-F6DB283FCB-N,JAK2_P2,Series_17,418.6,1.77,4,8,70.5,7
CPD-00336,c1ccncc1NC(=O))C,79E1433208696B-5A50ED89C3-N,KRAS_P1,Series_20,405.1,3.34,3,1,134.8,5
CPD-00337,O=C(Nc1ccccc1)))N,38B5280D32B47E-BE0C73293A-N,EGFR_P3,Series_14,261.0,2.55,4,6,44.7,10
CPD-00338,COc1ccc(CC(=O)Nc2)O,DC69D658C7BB0B-1FBF3F0248-N,CDK_P4,Series_20,384.0,1.82,0,6,99.4,6
CPD-00339,c1ccc(NC(=O)c2ccc)F,13249D879B4FA8-6EA3926FD1-N,EGFR_P3,Series_9,524.1,2.96,2,4,102.0,2
CPD-00340,Clc1ccc(NC())F,7A25E6FB0CA320-5408B0DEBB-N,JAK2_P2,Series_5,440.0,1.95,2,8,110.7,2
CPD-00341,CCOc1ccc(NC(=O))))N,A9B00FF462F139-6DECB661A0-N,KRAS_P1,Series_13,605.7,3.69,3,1,91.5,4
CPD-00342,Clc1ccc(NC()Cl,45D07799327B7E-3647815E2F-N,KRAS_P1,Series_19,372.1,3.34,2,8,40.9,8
CPD-00343,c1ccc(NC(=O)c2ccc)))Cl,320334E2C90B6C-F5D9321022-N,KRAS_P1,Series_14,661.3,3.54,2,2,57.4,4
CPD-00344,CCOc1ccc(NC(=O))Cl,944F43479670FC-683695416F-N,CDK_P4,Series_8,467.4,3.34,1,7,96.9,8
CPD-00345,c1ccc(-c2nccn2)cc1))O,AF4639009D114A-6ECF28FFE0-N,CDK_P4,Series_18,303.0,3.48,3,6,92.3,10
CPD-00346,COc1ccc(CC(=O)Nc2)))C,31E27F8007A0FC-26882EE301-N,KRAS_P1,Series_4,338.0,3.08,2,7,64.2,8
CPD-00347,COc1ccc(CC(=O)Nc2)O,DC69D658C7BB0B-454C98CECA-N,CDK_P4,Series_3,476.2,4.74,3,5,44.4,10
CPD-00348,c1ccncc1NC(=O)))O,FD5B9418C774F5-0987A61371-N,CDK_P4,Series_16,445.0,5.82,4,2,96.4,8
CPD-00349,O=C(Nc1ccccc1)))C,7A87B7DBEBE638-2057002783-N,KRAS_P1,Series_15,438.0,5.2,1,3,106.9,9
CPD-00350,Fc1ccc(NC(=O)c2)O,DDDB2611CE4A22-7CF7872A49-N,EGFR_P3,Series_16,478.5,1.19,3,1,106.5,4
CPD-00351,c1ccc2c(c1)cc()))C,ACFF3475E9FCC8-D73695AF36-N,CDK_P4,Series_3,546.0,4.92,2,6,131.4,9
CPD-00352,O=C(Nc1ccccc1)))Cl,2E002CA56090B1-DC83FAF63A-N,CDK_P4,Series_4,442.2,4.56,3,6,19.8,8
CPD-00353,Fc1ccc(NC(=O)c2))Cl,7FB01409A18CFC-28586E28FB-N,EGFR_P3,Series_2,416.7,4.83,4,7,90.5,10
CPD-00354,Fc1ccc(NC(=O)c2))Cl,7FB01409A18CFC-DC98E307C9-N,EGFR_P3,Series_3,323.3,2.48,0,5,71.3,6
CPD-00355,c1ccc2c(c1)cc()))N,18E7AC707AD6F1-9ED75666CC-N,KRAS_P1,Series_12,651.5,2.28,0,5,41.1,10
CPD-00356,c1ccc2c(c1)cc()N,A4506D2178EB63-D6D1BE4FF1-N,JAK2_P2,Series_7,299.1,3.5,4,1,41.2,4
CPD-00357,Fc1ccc(NC(=O)c2))F,EDEC1F00C09A6E-19A6846A1A-N,EGFR_P3,Series_14,513.8,3.42,3,3,70.8,2
CPD-00358,Fc1ccc(NC(=O)c2))F,EDEC1F00C09A6E-8CBD4E5423-N,KRAS_P1,Series_9,549.9,3.6,3,6,104.7,3
CPD-00359,Clc1ccc(NC()F,272B643CDB949D-213B545427-N,KRAS_P1,Series_15,479.5,1.42,2,2,78.9,5
CPD-00360,c1ccncc1NC(=O)))Cl,948E3DACDE40FE-0497AE71F0-N,CDK_P4,Series_15,434.8,2.93,2,6,102.7,5
CPD-00361,Clc1ccc(NC())N,7B7D1A756B2C53-14BB61EF49-N,EGFR_P3,Series_9,391.1,5.91,3,6,131.2,9
CPD-00362,c1ccc(NC(=O)c2ccc)))F,4729F9803E73EF-013172CB4B-N,EGFR_P3,Series_9,342.0,3.93,3,4,57.6,5
CPD-00363,COc1ccc(CC(=O)Nc2))O,746C3F1E4E3707-31410488DB-N,EGFR_P3,Series_10,423.8,2.68,4,8,61.7,10
CPD-00364,CCOc1ccc(NC(=O))C,3ABB77EBE10EF7-98DAF80246-N,EGFR_P3,Series_7,406.2,3.89,2,3,69.4,7
CPD-00365,CCOc1ccc(NC(=O)))N,5BC6658E8AC38E-37CC525471-N,KRAS_P1,Series_7,339.4,1.85,0,2,105.4,9
CPD-00366,CCOc1ccc(NC(=O))Cl,944F43479670FC-EBD3C11D25-N,EGFR_P3,Series_11,324.7,5.82,0,5,144.0,2
CPD-00367,c1ccc2c(c1)cc())C,16CBB55D105996-69692E00F4-N,CDK_P4,Series_9,376.4,2.24,2,6,50.2,5
CPD-00368,O=C(Nc1ccccc1))))Cl,DB89B34D7962FD-387DBBDFF6-N,EGFR_P3,Series_16,303.7,2.15,4,6,26.8,2
CPD-00369,O=C(Nc1ccccc1))))C,0B959531194807-4E10F45DBB-N,KRAS_P1,Series_3,349.3,1.58,0,8,77.0,10
CPD-00370,c1ccc2c(c1)cc()))Cl,09A01141194963-0AF83A9751-N,JAK2_P2,Series_18,444.8,2.13,2,5,97.2,6
CPD-00371,CCOc1ccc(NC(=O))))C,A7236FFB85535A-FEB55C918C-N,CDK_P4,Series_8,291.4,2.9,2,6,109.4,8
CPD-00372,CCOc1ccc(NC(=O))))F,770DF8CD1FE25D-CBAB40F28D-N,JAK2_P2,Series_4,567.9,3.82,3,6,70.7,3
CPD-00373,CCOc1ccc(NC(=O))))O,9EF6604505DB82-68BF78E690-N,KRAS_P1,Series_12,463.7,6.11,1,2,107.1,4
CPD-00374,COc1ccc(CC(=O)Nc2)F,A1A46D2D979E24-4E40CC205B-N,JAK2_P2,Series_18,462.9,2.91,3,1,111.5,6
CPD-00375,c1ccc2c(c1)cc()))Cl,09A01141194963-507EBCFFF1-N,CDK_P4,Series_20,340.5,4.85,4,7,101.6,4
CPD-00376,c1ccc(-c2nccn2)cc1)Cl,7498B4A00157CF-283E57A95D-N,JAK2_P2,Series_3,481.3,4.4,0,6,26.1,3
CPD-00377,c1ccc(-c2nccn2)cc1)C,5830998E601AE7-6A73B39CD0-N,CDK_P4,Series_17,350.2,2.02,3,2,85.7,6
CPD-00378,c1ccc(NC(=O)c2ccc)))Cl,320334E2C90B6C-3E72D21223-N,CDK_P4,Series_13,565.5,0.92,2,8,41.7,5
CPD-00379,CCOc1ccc(NC(=O))Cl,944F43479670FC-96F2C54E7B-N,EGFR_P3,Series_11,384.9,2.01,2,6,90.5,4
CPD-00380,O=C(Nc1ccccc1)))F,84316CCC04A9E4-0D263E3472-N,KRAS_P1,Series_2,356.7,4.17,0,7,29.0,7
CPD-00381,Clc1ccc(NC()Cl,45D07799327B7E-FCDB51C9A5-N,KRAS_P1,Series_18,467.3,2.77,3,4,95.7,9
CPD-00382,Fc1ccc(NC(=O)c2))O,34CFD4FB17E74F-14060E2609-N,KRAS_P1,Series_3,480.8,1.02,3,8,123.5,7
CPD-00383,COc1ccc(CC(=O)Nc2))O,746C3F1E4E3707-C0ACFBC3E1-N,EGFR_P3,Series_18,441.0,1.06,4,5,172.9,8
CPD-00384,Fc1ccc(NC(=O)c2)))Cl,D523DDC63067F8-F252EC8B63-N,KRAS_P1,Series_14,353.3,4.0,2,4,90.2,6
CPD-00385,CC(=O)Nc1ccc())Cl,32203ABD3035A4-650872BC16-N,KRAS_P1,Series_8,467.6,2.83,3,4,78.1,5
CPD-00386,c1ccc2c(c1)cc()))F,0524017DEBA59F-3E6C8B2FF8-N,CDK_P4,Series_6,414.7,2.01,0,2,147.4,6
CPD-00387,CCOc1ccc(NC(=O))F,A85C21D9E8EE7A-5459C3C62A-N,JAK2_P2,Series_17,447.5,1.95,0,4,77.7,3
CPD-00388,Clc1ccc(NC()N,4DF76E1898DF18-5973096241-N,EGFR_P3,Series_17,476.3,3.2,4,5,109.1,4
CPD-00389,c1ccncc1NC(=O))O,B442EB2257D6BE-74E84D17A1-N,CDK_P4,Series_18,464.7,3.88,4,7,71.8,5
CPD-00390,c1ccc2c(c1)cc()N,A4506D2178EB63-444D450755-N,CDK_P4,Series_20,478.2,2.52,1,6,121.5,9
CPD-00391,Fc1ccc(NC(=O)c2))C,17AFFFD91BDA28-C0DA761241-N,CDK_P4,Series_15,294.8,4.5,3,4,107.7,4
CPD-00392,COc1ccc(CC(=O)Nc2))O,746C3F1E4E3707-5B3E9C3CD8-N,KRAS_P1,Series_13,496.7,1.64,0,1,46.4,4
CPD-00393,c1ccc(NC(=O)c2ccc)N,B5BB421E1EF7B3-7E79989D42-N,KRAS_P1,Series_6,404.7,3.66,1,8,94.5,5
CPD-00394,COc1ccc(CC(=O)Nc2)))C,31E27F8007A0FC-F1152B6672-N,JAK2_P2,Series_14,381.2,3.04,2,3,93.2,9
CPD-00395,CCOc1ccc(NC(=O))))F,770DF8CD1FE25D-03FD4E93F9-N,JAK2_P2,Series_1,435.3,2.2,4,2,81.9,10
CPD-00396,c1ccc2c(c1)cc()))C,ACFF3475E9FCC8-601E4FBA30-N,CDK_P4,Series_9,470.3,3.43,2,7,31.1,6
CPD-00397,CCOc1ccc(NC(=O))))Cl,808E6215548EDF-E5EA098E64-N,JAK2_P2,Series_9,443.6,2.29,4,6,138.7,3
CPD-00398,c1ccncc1NC(=O))F,9B649E77406030-9D685B0DE6-N,JAK2_P2,Series_9,472.9,3.95,2,5,119.1,3
CPD-00399,c1ccncc1NC(=O))))N,7BA71F31068A07-B29032EDBC-N,EGFR_P3,Series_9,475.2,2.45,0,1,81.9,6
CPD-00400,c1ccc(-c2nccn2)cc1)))Cl,6193061A065C01-9029AB28FB-N,KRAS_P1,Series_15,481.3,2.41,0,5,110.8,4
CPD-00401,c1ccc(NC(=O)c2ccc)))Cl,320334E2C90B6C-C4F90CDB03-N,KRAS_P1,Series_14,320.8,2.0,2,7,62.6,10
CPD-00402,c1ccc(NC(=O)c2ccc)))N,7F64D1E562AC18-E32FA36CA4-N,CDK_P4,Series_18,426.1,2.83,1,4,89.1,7
CPD-00403,O=C(Nc1ccccc1))O,3867CEE9ED3FB6-80FD491AC8-N,EGFR_P3,Series_8,433.0,2.79,3,3,81.0,2
CPD-00404,CC(=O)Nc1ccc()))O,0130FA846BB02D-B7D1004E88-N,EGFR_P3,Series_15,441.7,1.45,1,3,29.4,6
CPD-00405,c1ccc(-c2nccn2)cc1))Cl,50F86EC7962C17-1AF7506D14-N,EGFR_P3,Series_17,397.5,3.13,3,8,113.8,5
CPD-00406,CC(=O)Nc1ccc())N,0EECF3B272A73C-D64AA2D32B-N,EGFR_P3,Series_13,458.7,2.29,1,7,110.5,7
CPD-00407,c1ccc2c(c1)cc()Cl,C80E2AA6E940C4-B89A573D72-N,EGFR_P3,Series_17,279.3,3.06,2,2,100.0,8
CPD-00408,c1ccc2c(c1)cc())C,16CBB55D105996-918FA53C05-N,CDK_P4,Series_6,412.4,3.22,4,5,89.1,5
CPD-00409,CC(=O)Nc1ccc())N,0EECF3B272A73C-94FC41A6B1-N,JAK2_P2,Series_10,576.5,2.68,1,5,111.3,4
CPD-00410,c1ccc2c(c1)cc()Cl,C80E2AA6E940C4-B2BD05C422-N,JAK2_P2,Series_16,370.8,1.12,3,8,34.2,8
CPD-00411,Clc1ccc(NC()))O,A60D8BF949577E-65568ABAC9-N,EGFR_P3,Series_16,256.8,3.66,3,1,68.9,2
CPD-00412,c1ccc2c(c1)cc()))N,18E7AC707AD6F1-87B13221D3-N,EGFR_P3,Series_11,439.4,2.42,4,7,47.6,5
CPD-00413,c1ccc(NC(=O)c2ccc)))C,B9B8F8CFAE0A0C-9E5636C641-N,JAK2_P2,Series_6,463.1,1.88,1,4,60.3,9
CPD-00414,Fc1ccc(NC(=O)c2)))C,042570805AFF27-61DC0C65E0-N,EGFR_P3,Series_15,353.9,2.11,2,6,46.2,9
CPD-00415,CCOc1ccc(NC(=O)))O,020880975A70A1-EBF90C6C02-N,CDK_P4,Series_14,570.7,2.05,2,1,43.0,10
CPD-00416,COc1ccc(CC(=O)Nc2)))Cl,B0ED58C6CA6FFE-884C9B19B5-N,KRAS_P1,Series_3,519.8,4.59,0,3,87.3,6
CPD-00417,c1ccc(NC(=O)c2ccc)C,67A7D322786D5C-B9D3E9B8D5-N,KRAS_P1,Series_10,419.4,2.53,4,3,66.7,6
CPD-00418,c1ccc(-c2nccn2)cc1)N,99A75AA93FE9A8-88D036F636-N,EGFR_P3,Series_2,349.8,3.56,4,7,73.1,9
CPD-00419,Clc1ccc(NC())O,76801C81FD294E-5E2B4132EC-N,KRAS_P1,Series_16,342.8,3.78,1,4,119.5,4
CPD-00420,c1ccc2c(c1)cc()C,354B1ACC313262-C340A36551-N,CDK_P4,Series_1,307.7,3.84,4,4,147.2,4
CPD-00421,c1ccc2c(c1)cc()))C,ACFF3475E9FCC8-AA63241A82-N,CDK_P4,Series_9,530.9,2.37,0,2,103.2,3
CPD-00422,c1ccc2c(c1)cc()C,354B1ACC313262-FBE400B1E9-N,EGFR_P3,Series_13,613.0,2.54,3,3,106.2,7
CPD-00423,CCOc1ccc(NC(=O))))O,9EF6604505DB82-E3E07D55BD-N,JAK2_P2,Series_7,452.6,3.27,0,7,117.9,2
CPD-00424,c1ccc2c(c1)cc())O,3C088C47266D3D-6C13756BF8-N,JAK2_P2,Series_13,394.7,5.06,0,6,90.9,4
CPD-00425,CC(=O)Nc1ccc()N,0E6DC305D01858-D9D7667229-N,CDK_P4,Series_15,439.7,2.43,0,4,126.0,8
CPD-00426,Clc1ccc(NC())N,7B7D1A756B2C53-4FAE06E67E-N,CDK_P4,Series_20,288.7,3.92,1,6,121.1,10
CPD-00427,Fc1ccc(NC(=O)c2)))C,042570805AFF27-52FA750197-N,EGFR_P3,Series_10,366.6,3.05,2,8,124.8,3
CPD-00428,COc1ccc(CC(=O)Nc2)))N,6DB1F978415A5A-97475B28A0-N,JAK2_P2,Series_20,447.0,3.96,1,7,45.2,3
CPD-00429,COc1ccc(CC(=O)Nc2)Cl,5FD3061DF1F11A-9E98FA2447-N,EGFR_P3,Series_4,349.9,2.89,2,3,96.3,10
CPD-00430,O=C(Nc1ccccc1))))C,0B959531194807-30FD8821F9-N,EGFR_P3,Series_1,347.3,1.97,3,2,108.8,10
CPD-00431,COc1ccc(CC(=O)Nc2))C,AC3B02F5FFF808-AF4D6F4317-N,EGFR_P3,Series_4,346.3,2.3,3,1,44.0,2
CPD-00432,c1ccc(-c2nccn2)cc1)))O,F8B014682338D6-AEBCD23860-N,EGFR_P3,Series_16,469.4,2.3,0,2,82.8,7
CPD-00433,O=C(Nc1ccccc1)))O,91474CED995D06-3128798460-N,KRAS_P1,Series_5,323.3,4.11,3,2,84.5,2
CPD-00434,c1ccc2c(c1)cc())C,16CBB55D105996-6BDF71C1E9-N,CDK_P4,Series_20,471.0,3.31,3,3,82.2,3
CPD-00435,c1ccc(-c2nccn2)cc1))C,714DC810421755-2CC2B4604A-N,CDK_P4,Series_18,395.5,2.91,0,2,53.2,10
CPD-00436,c1ccc(-c2nccn2)cc1))Cl,50F86EC7962C17-86DAA094E0-N,EGFR_P3,Series_8,387.3,1.37,3,2,129.7,6
CPD-00437,c1ccc(-c2nccn2)cc1)))O,F8B014682338D6-4575B6F637-N,CDK_P4,Series_8,517.9,2.7,2,3,81.3,4
CPD-00438,c1ccc(-c2nccn2)cc1)Cl,7498B4A00157CF-9743CDC4E9-N,CDK_P4,Series_4,399.2,2.99,4,1,72.2,9
CPD-00439,CCOc1ccc(NC(=O))))O,9EF6604505DB82-D752150DC6-N,EGFR_P3,Series_12,447.0,3.94,1,1,104.4,9
CPD-00440,O=C(Nc1ccccc1))O,3867CEE9ED3FB6-9C33EEC898-N,CDK_P4,Series_8,468.8,3.64,2,5,78.4,8
CPD-00441,O=C(Nc1ccccc1)))Cl,2E002CA56090B1-4E8168164D-N,EGFR_P3,Series_10,426.9,2.23,1,5,88.0,3
CPD-00442,Clc1ccc(NC())N,7B7D1A756B2C53-195861A70A-N,CDK_P4,Series_15,543.4,6.38,2,2,98.4,8
CPD-00443,Fc1ccc(NC(=O)c2)N,2FABB1505212CA-918C5B6908-N,CDK_P4,Series_1,515.1,4.77,1,3,122.1,3
CPD-00444,c1ccncc1NC(=O))))O,8DB29799FF2CC0-4B7857B53D-N,JAK2_P2,Series_4,377.0,3.77,2,1,89.5,6
CPD-00445,CCOc1ccc(NC(=O))))F,770DF8CD1FE25D-E51CC35851-N,EGFR_P3,Series_5,383.9,2.81,3,8,61.4,6
CPD-00446,Fc1ccc(NC(=O)c2)N,2FABB1505212CA-03A0EF92AA-N,CDK_P4,Series_11,418.4,4.71,1,3,65.5,4
CPD-00447,CC(=O)Nc1ccc()))O,0130FA846BB02D-307D1B31C1-N,EGFR_P3,Series_20,385.6,0.25,2,6,45.5,5
CPD-00448,CCOc1ccc(NC(=O)))N,5BC6658E8AC38E-920F9F9EAC-N,EGFR_P3,Series_6,523.8,4.05,4,2,31.7,2
CPD-00449,c1ccncc1NC(=O))N,30435C99FB94D7-ACA7013AD5-N,KRAS_P1,Series_4,318.3,3.05,0,3,18.6,4
CPD-00450,COc1ccc(CC(=O)Nc2))F,6D49FEC0AA9AE8-6FC32182EC-N,JAK2_P2,Series_6,358.6,4.63,4,4,76.6,9
CPD-00451,c1ccc2c(c1)cc()C,354B1ACC313262-6E867A3883-N,CDK_P4,Series_1,352.5,4.17,0,1,103.3,10
CPD-00452,c1ccncc1NC(=O)))C,57417E161A7B79-866FF338E5-N,CDK_P4,Series_1,408.7,3.28,4,7,91.7,5
CPD-00453,c1ccc(NC(=O)c2ccc)F,13249D879B4FA8-53055C5A90-N,JAK2_P2,Series_17,281.3,2.98,2,2,48.0,3
CPD-00454,c1ccc(NC(=O)c2ccc)))N,7F64D1E562AC18-1F79302E6F-N,JAK2_P2,Series_6,378.5,2.44,0,3,120.0,6
CPD-00455,COc1ccc(CC(=O)Nc2))Cl,FEAC1624EFD920-868D5691DA-N,KRAS_P1,Series_8,427.9,3.36,4,4,102.2,9
CPD-00456,Fc1ccc(NC(=O)c2))C,17AFFFD91BDA28-302FB2FB83-N,JAK2_P2,Series_15,462.2,2.42,4,7,67.6,4
CPD-00457,c1ccc2c(c1)cc()))O,C4FEABEDE49FD2-AF23AA6B45-N,EGFR_P3,Series_15,398.0,2.18,1,5,99.1,7
CPD-00458,c1ccc2c(c1)cc()))O,C4FEABEDE49FD2-2BFC601D97-N,CDK_P4,Series_18,352.2,3.84,2,6,92.6,10
CPD-00459,c1ccncc1NC(=O)))F,1F858A27219DC5-F78968C137-N,CDK_P4,Series_11,375.6,3.55,2,3,82.3,5
CPD-00460,c1ccc(NC(=O)c2ccc))O,B2B84511D9EB1D-7D420609EE-N,JAK2_P2,Series_7,376.5,4.04,1,5,89.3,5
CPD-00461,CC(=O)Nc1ccc()N,0E6DC305D01858-03FEF24819-N,JAK2_P2,Series_6,490.1,3.55,1,6,84.9,4
CPD-00462,c1ccc(-c2nccn2)cc1)))O,F8B014682338D6-FF7847C285-N,JAK2_P2,Series_16,405.6,3.5,0,6,25.6,3
CPD-00463,O=C(Nc1ccccc1)))O,91474CED995D06-384940EE64-N,JAK2_P2,Series_7,511.3,2.93,1,7,74.6,2
CPD-00464,COc1ccc(CC(=O)Nc2)))Cl,B0ED58C6CA6FFE-A1F7A25EB1-N,CDK_P4,Series_11,278.2,2.71,3,7,55.0,9
CPD-00465,Fc1ccc(NC(=O)c2)O,DDDB2611CE4A22-B146E7A716-N,EGFR_P3,Series_19,325.9,1.96,4,4,82.7,3
CPD-00466,c1ccc(NC(=O)c2ccc)))Cl,320334E2C90B6C-3100EA9BB4-N,JAK2_P2,Series_20,402.4,3.32,0,6,107.4,7
CPD-00467,CCOc1ccc(NC(=O)))O,020880975A70A1-6F03B5D5FD-N,EGFR_P3,Series_9,675.7,2.72,4,5,81.9,7
CPD-00468,CCOc1ccc(NC(=O)))Cl,3E012A4DBF289B-2B9F8AAE98-N,EGFR_P3,Series_16,328.0,4.73,3,4,130.0,9
CPD-00469,Clc1ccc(NC()N,4DF76E1898DF18-9F5FE75FBA-N,CDK_P4,Series_10,473.6,5.82,2,6,78.1,2
CPD-00470,Clc1ccc(NC()N,4DF76E1898DF18-28229A2A54-N,JAK2_P2,Series_13,247.5,5.18,0,7,103.6,9
CPD-00471,c1ccncc1NC(=O))))O,8DB29799FF2CC0-50D5647C13-N,JAK2_P2,Series_6,481.4,3.33,4,4,21.8,8
CPD-00472,c1ccc(NC(=O)c2ccc)))F,4729F9803E73EF-BAFAED7FDE-N,KRAS_P1,Series_20,379.8,0.82,4,7,-17.2,5
CPD-00473,O=C(Nc1ccccc1))))F,AAC46287592430-DE232204A5-N,CDK_P4,Series_9,470.3,3.5,1,5,78.3,3
CPD-00474,CCOc1ccc(NC(=O))O,648F193C997183-DE07FC526C-N,JAK2_P2,Series_15,316.4,2.99,3,8,99.6,8
CPD-00475,c1ccc(NC(=O)c2ccc)Cl,7691DA572198AF-CDE488906A-N,CDK_P4,Series_17,403.8,0.94,3,3,80.9,7
CPD-00476,Fc1ccc(NC(=O)c2)O,DDDB2611CE4A22-D5D9644EF2-N,JAK2_P2,Series_14,531.8,4.96,2,8,121.0,10
CPD-00477,c1ccncc1NC(=O))Cl,009B68B61F6A3D-60DE9D6E48-N,JAK2_P2,Series_9,454.6,1.92,2,3,85.2,8
CPD-00478,c1ccc(NC(=O)c2ccc)C,67A7D322786D5C-1AFB852696-N,CDK_P4,Series_12,391.4,3.53,3,2,88.8,8
CPD-00479,COc1ccc(CC(=O)Nc2))Cl,FEAC1624EFD920-82D17639A8-N,KRAS_P1,Series_13,290.2,4.9,0,5,76.3,10
CPD-00480,c1ccc(-c2nccn2)cc1)))Cl,6193061A065C01-C368B85E7D-N,KRAS_P1,Series_13,490.3,1.97,1,3,70.6,8
CPD-00481,c1ccc(NC(=O)c2ccc)))F,4729F9803E73EF-6C5A6D7221-N,KRAS_P1,Series_17,396.7,3.68,2,2,88.9,3
CPD-00482,Clc1ccc(NC())C,0AEA8A3F487DAC-99F7C5DF43-N,JAK2_P2,Series_9,372.3,4.26,4,4,102.5,10
CPD-00483,Fc1ccc(NC(=O)c2)))F,0C41C5B2977A22-064FEAF082-N,CDK_P4,Series_19,354.4,4.13,4,5,137.4,10
CPD-00484,c1ccc2c(c1)cc())Cl,9CA0272F79B35C-A76CF12B6C-N,KRAS_P1,Series_18,516.0,3.67,3,7,106.9,10
CPD-00485,Fc1ccc(NC(=O)c2)))C,042570805AFF27-0BB30FB91A-N,CDK_P4,Series_16,491.3,4.05,2,5,123.8,9
CPD-00486,CCOc1ccc(NC(=O)))N,5BC6658E8AC38E-3A41B021AC-N,JAK2_P2,Series_8,486.3,2.74,4,8,91.2,5
CPD-00487,c1ccc(-c2nccn2)cc1)N,99A75AA93FE9A8-E12C45FC4B-N,CDK_P4,Series_5,551.6,1.51,0,5,50.5,2
CPD-00488,c1ccncc1NC(=O))F,9B649E77406030-AC543797AB-N,KRAS_P1,Series_4,473.5,1.23,3,1,73.3,6
CPD-00489,c1ccc(-c2nccn2)cc1)))Cl,6193061A065C01-A39248F9D7-N,CDK_P4,Series_7,327.4,4.43,1,1,69.5,9
CPD-00490,c1ccncc1NC(=O)))F,1F858A27219DC5-A4519176B2-N,JAK2_P2,Series_2,481.6,2.93,3,5,35.4,7
CPD-00491,O=C(Nc1ccccc1))F,0F39C7FF749C2D-179E08C88D-N,EGFR_P3,Series_18,349.9,2.98,1,8,72.9,9
CPD-00492,O=C(Nc1ccccc1))))F,AAC46287592430-F6FD5BB64D-N,JAK2_P2,Series_19,558.7,2.34,3,1,96.2,3
CPD-00493,CC(=O)Nc1ccc())N,0EECF3B272A73C-857ECA6E9F-N,KRAS_P1,Series_5,329.0,2.63,0,6,133.0,6
CPD-00494,Clc1ccc(NC())Cl,48176AA944CD26-A40ED63959-N,CDK_P4,Series_5,574.5,2.9,3,4,20.8,4
CPD-00495,c1ccc(-c2nccn2)cc1)))Cl,6193061A065C01-8742BD4C1A-N,KRAS_P1,Series_16,456.1,3.67,2,5,123.5,6
CPD-00496,COc1ccc(CC(=O)Nc2)O,DC69D658C7BB0B-FF7925CE66-N,JAK2_P2,Series_9,556.7,2.59,1,1,71.3,4
CPD-00497,c1ccncc1NC(=O))))F,E212B11A90D5A8-53A349E40D-N,JAK2_P2,Series_9,439.5,3.29,1,6,62.8,5
CPD-00498,CCOc1ccc(NC(=O))))F,770DF8CD1FE25D-367CC1734D-N,JAK2_P2,Series_12,416.4,2.32,3,7,62.7,3
CPD-00499,CCOc1ccc(NC(=O))))N,A9B00FF462F139-3204F674B0-N,JAK2_P2,Series_13,540.2,1.1,2,7,3.6,7
CPD-00500,c1ccncc1NC(=O))C,79E1433208696B-711FD8BA37-N,JAK2_P2,Series_5,424.6,1.87,4,3,66.9,10
CPD-00501,COc1ccc(CC(=O)Nc2))Cl,FEAC1624EFD920-8A8CB6FE73-N,CDK_P4,Series_12,484.7,4.17,0,7,181.6,7
CPD-00502,c1ccc(NC(=O)c2ccc))N,1A3A8F77C3C823-F1514002B7-N,JAK2_P2,Series_10,394.4,2.35,4,8,70.8,3
CPD-00503,CCOc1ccc(NC(=O))F,A85C21D9E8EE7A-BB893A5378-N,JAK2_P2,Series_4,470.6,4.83,2,5,141.4,4
CPD-00504,O=C(Nc1ccccc1))))O,5B3C88D6C4B394-95E51ABBE7-N,CDK_P4,Series_13,455.6,1.85,0,5,86.3,7
CPD-00505,CC(=O)Nc1ccc())N,0EECF3B272A73C-26746EB00E-N,EGFR_P3,Series_5,436.7,5.59,1,3,29.4,3
CPD-00506,CCOc1ccc(NC(=O))))C,A7236FFB85535A-7A1DE8C2DE-N,KRAS_P1,Series_6,359.7,1.74,1,4,37.2,2
CPD-00507,Fc1ccc(NC(=O)c2))N,D2D233A98622F6-3C3A248013-N,EGFR_P3,Series_16,501.1,2.81,1,7,80.9,9
CPD-00508,c1ccncc1NC(=O))))C,B38D7BECD15993-0F63748F5B-N,CDK_P4,Series_17,468.7,2.83,2,8,39.4,6
CPD-00509,Fc1ccc(NC(=O)c2))N,D2D233A98622F6-5703203131-N,CDK_P4,Series_3,460.7,2.5,1,7,122.2,8
CPD-00510,c1ccncc1NC(=O))))F,E212B11A90D5A8-65EB0C555F-N,JAK2_P2,Series_15,403.7,3.56,3,8,103.1,8
CPD-00511,Fc1ccc(NC(=O)c2)))F,0C41C5B2977A22-FDCFAAABB8-N,CDK_P4,Series_8,284.6,2.98,2,4,97.1,5
CPD-00512,Fc1ccc(NC(=O)c2)))O,DBECFA20CD81AA-6544552C59-N,KRAS_P1,Series_1,394.3,2.15,3,1,136.9,6
CPD-00513,Clc1ccc(NC()C,0C4C839CE6E3B1-F69366AB71-N,JAK2_P2,Series_9,351.2,3.78,3,8,89.0,6
CPD-00514,c1ccc(NC(=O)c2ccc)))C,B9B8F8CFAE0A0C-6DDFECDBE0-N,JAK2_P2,Series_19,440.7,2.12,4,3,95.0,9
CPD-00515,c1ccncc1NC(=O))))O,8DB29799FF2CC0-5D34AB87E4-N,KRAS_P1,Series_3,396.0,1.54,1,2,53.0,6
CPD-00516,c1ccncc1NC(=O))))N,7BA71F31068A07-3601F7B5C9-N,JAK2_P2,Series_14,368.7,2.28,0,5,99.2,6
CPD-00517,c1ccc(-c2nccn2)cc1)))N,4BC3A60CCADB56-D9D14D2CCD-N,CDK_P4,Series_17,514.1,2.17,0,3,82.9,5
CPD-00518,COc1ccc(CC(=O)Nc2)N,16207FCAC6E87F-425DB5E5DC-N,EGFR_P3,Series_19,377.3,3.63,4,5,171.3,6
CPD-00519,CC(=O)Nc1ccc()Cl,F526A85B6A7352-402C155B95-N,JAK2_P2,Series_16,393.7,2.69,1,7,108.5,7
CPD-00520,O=C(Nc1ccccc1))O,3867CEE9ED3FB6-0EBF341B37-N,KRAS_P1,Series_3,399.4,2.73,0,1,26.9,6
CPD-00521,CCOc1ccc(NC(=O))N,EB40A4DBB7C38C-37301B02A5-N,JAK2_P2,Series_6,513.1,2.7,3,7,124.9,3
CPD-00522,c1ccc(NC(=O)c2ccc)))Cl,320334E2C90B6C-A2475D9906-N,JAK2_P2,Series_8,253.9,2.96,4,6,77.1,5
CPD-00523,Clc1ccc(NC())F,7A25E6FB0CA320-49027AF696-N,CDK_P4,Series_15,321.0,1.85,2,1,110.5,9
CPD-00524,c1ccc2c(c1)cc()F,4F866AD358CDDF-B80F56928B-N,EGFR_P3,Series_2,327.3,2.7,2,7,69.9,5
CPD-00525,c1ccncc1NC(=O))Cl,009B68B61F6A3D-0B6CE08B34-N,CDK_P4,Series_13,522.4,1.01,1,7,62.2,5
CPD-00526,CC(=O)Nc1ccc()))N,1B7980E24CF09C-B5E0F78F02-N,JAK2_P2,Series_3,546.8,2.87,4,1,119.1,6
CPD-00527,c1ccc2c(c1)cc())N,4F7A588D01D7BF-9760C684B2-N,KRAS_P1,Series_17,396.2,5.09,2,4,70.3,8
CPD-00528,COc1ccc(CC(=O)Nc2)))C,31E27F8007A0FC-C2FC9C2D0B-N,EGFR_P3,Series_5,468.0,4.92,4,5,62.1,6
CPD-00529,c1ccc(-c2nccn2)cc1))N,FA595277B9F5EF-0D36D44536-N,KRAS_P1,Series_4,420.3,2.67,3,3,64.6,10
CPD-00530,c1ccc(-c2nccn2)cc1))C,714DC810421755-A9BF96BB8B-N,KRAS_P1,Series_20,471.0,2.42,0,1,91.4,3
CPD-00531,CC(=O)Nc1ccc()))F,54502FE5B0802D-91B1D042F1-N,JAK2_P2,Series_4,468.2,1.89,3,2,104.4,9
CPD-00532,c1ccc(-c2nccn2)cc1))C,714DC810421755-3402586D7C-N,JAK2_P2,Series_18,375.1,2.19,0,1,75.0,9
CPD-00533,c1ccncc1NC(=O)))Cl,948E3DACDE40FE-E008C76037-N,JAK2_P2,Series_2,382.8,4.09,2,8,108.9,7
CPD-00534,Fc1ccc(NC(=O)c2)))F,0C41C5B2977A22-8DEA5A9725-N,CDK_P4,Series_12,369.1,3.52,1,1,12.4,5
CPD-00535,Fc1ccc(NC(=O)c2)))Cl,D523DDC63067F8-D32EC3E77B-N,EGFR_P3,Series_9,568.5,5.13,2,3,60.6,5
CPD-00536,c1ccc(-c2nccn2)cc1))Cl,50F86EC7962C17-C2AF263DE0-N,KRAS_P1,Series_6,410.8,2.32,2,8,77.4,5
CPD-00537,CCOc1ccc(NC(=O)))N,5BC6658E8AC38E-F5B6168AAA-N,KRAS_P1,Series_1,354.0,2.9,3,3,88.3,8
CPD-00538,c1ccc2c(c1)cc()Cl,C80E2AA6E940C4-20F019D3C9-N,CDK_P4,Series_20,515.8,4.78,3,5,80.8,6
CPD-00539,Fc1ccc(NC(=O)c2)Cl,51B0E134ADEDE1-75CD63E45E-N,EGFR_P3,Series_4,566.1,0.17,0,5,93.8,2
CPD-00540,c1ccc2c(c1)cc()C,354B1ACC313262-7D8A2C8243-N,KRAS_P1,Series_5,470.5,3.67,2,7,84.8,7
CPD-00541,CC(=O)Nc1ccc()F,F7987B1EB67F41-EC5BCAAC36-N,KRAS_P1,Series_10,433.5,3.69,0,2,73.6,3
CPD-00542,CC(=O)Nc1ccc()))O,0130FA846BB02D-6D4DF9FA13-N,EGFR_P3,Series_2,292.4,1.66,4,2,114.2,9
CPD-00543,c1ccc(-c2nccn2)cc1))Cl,50F86EC7962C17-7828820E87-N,EGFR_P3,Series_1,408.0,4.29,1,1,80.2,10
CPD-00544,c1ccc2c(c1)cc()))O,C4FEABEDE49FD2-A13C1F2CDC-N,KRAS_P1,Series_18,363.1,4.99,2,7,81.0,6
CPD-00545,c1ccncc1NC(=O)))O,FD5B9418C774F5-F0D7331AE6-N,EGFR_P3,Series_14,318.7,4.04,0,7,70.7,7
CPD-00546,CCOc1ccc(NC(=O))))C,A7236FFB85535A-3EAADE5E94-N,EGFR_P3,Series_6,303.8,0.55,0,3,37.8,8
CPD-00547,c1ccc(NC(=O)c2ccc))C,CCB783E7EA927A-6E63030CDE-N,CDK_P4,Series_11,418.3,3.16,3,4,152.8,4
CPD-00548,c1ccc(NC(=O)c2ccc)))N,7F64D1E562AC18-B08E24736C-N,KRAS_P1,Series_1,230.0,2.56,4,8,27.4,2
CPD-00549,O=C(Nc1ccccc1))F,0F39C7FF749C2D-A72130A6C1-N,KRAS_P1,Series_16,529.9,0.97,2,8,57.9,4
CPD-00550,Fc1ccc(NC(=O)c2))O,34CFD4FB17E74F-2427386839-N,EGFR_P3,Series_20,529.8,6.67,1,7,59.1,6
CPD-00551,c1ccc(NC(=O)c2ccc)))C,B9B8F8CFAE0A0C-93E8A8D34B-N,EGFR_P3,Series_7,448.0,2.2,2,8,24.2,4
CPD-00552,c1ccc(NC(=O)c2ccc)O,DA59B09D03CF71-53C0AD7D2E-N,KRAS_P1,Series_11,364.9,3.75,3,6,90.1,4
CPD-00553,c1ccc2c(c1)cc()))F,0524017DEBA59F-F06140A615-N,JAK2_P2,Series_4,514.8,3.91,0,6,94.7,3
CPD-00554,COc1ccc(CC(=O)Nc2)))F,F917FA2E2BAAB0-A11A2931AE-N,KRAS_P1,Series_15,369.3,5.03,3,2,78.1,9
CPD-00555,c1ccncc1NC(=O))))N,7BA71F31068A07-AC20986D08-N,JAK2_P2,Series_4,336.6,2.49,0,3,89.3,7
CPD-00556,c1ccc(NC(=O)c2ccc)))C,B9B8F8CFAE0A0C-F04F262ED8-N,JAK2_P2,Series_15,486.1,1.95,2,7,74.9,4
CPD-00557,c1ccc2c(c1)cc())Cl,9CA0272F79B35C-6AD38EFFA7-N,CDK_P4,Series_18,516.0,5.43,4,2,74.8,5
CPD-00558,c1ccncc1NC(=O)))N,FED279A8DFF79E-DFB66640F1-N,EGFR_P3,Series_6,481.4,5.09,4,7,50.7,3
CPD-00559,c1ccncc1NC(=O)))N,FED279A8DFF79E-D4DA9F7DBE-N,EGFR_P3,Series_2,596.0,-0.63,2,2,135.4,9
CPD-00560,c1ccc2c(c1)cc()))Cl,09A01141194963-4B6DC71274-N,JAK2_P2,Series_8,436.3,3.96,0,4,50.1,7
CPD-00561,c1ccc(-c2nccn2)cc1)))F,F07680F8149532-272AF92293-N,JAK2_P2,Series_1,431.7,3.74,4,6,88.2,2
CPD-00562,c1ccc(NC(=O)c2ccc))Cl,14746E3A2C535D-6A05D82F1C-N,KRAS_P1,Series_16,431.6,1.84,0,5,141.5,2
CPD-00563,c1ccc2c(c1)cc())N,4F7A588D01D7BF-9323D42ADE-N,EGFR_P3,Series_12,542.5,3.69,2,3,56.9,5
CPD-00564,Clc1ccc(NC()F,272B643CDB949D-82071B4FB1-N,KRAS_P1,Series_20,409.7,3.4,2,1,102.4,6
CPD-00565,c1ccc2c(c1)cc()C,354B1ACC313262-A4BE39E144-N,CDK_P4,Series_7,376.4,2.35,3,7,76.9,4
CPD-00566,c1ccc(-c2nccn2)cc1)C,5830998E601AE7-D6C8FE0FCE-N,EGFR_P3,Series_20,348.8,3.65,1,7,105.1,2
CPD-00567,O=C(Nc1ccccc1))N,A1A1BB6759BEB2-D09108B0FB-N,KRAS_P1,Series_9,335.3,4.13,2,3,65.5,2
CPD-00568,CC(=O)Nc1ccc()))O,0130FA846BB02D-274A65E838-N,JAK2_P2,Series_14,420.7,1.55,2,1,36.5,2
CPD-00569,c1ccc(NC(=O)c2ccc)))O,9260351F124761-DA349D4F48-N,CDK_P4,Series_8,351.5,0.77,3,6,141.8,4
CPD-00570,c1ccncc1NC(=O))C,79E1433208696B-17D744F682-N,KRAS_P1,Series_16,362.3,3.52,1,3,100.0,9
CPD-00571,Clc1ccc(NC()))N,0C26224B73D397-6D8CA4B97B-N,EGFR_P3,Series_8,358.3,3.34,1,7,167.9,10
CPD-00572,Clc1ccc(NC())C,0AEA8A3F487DAC-A5C184EE4F-N,CDK_P4,Series_9,398.1,1.05,2,7,69.2,3
CPD-00573,CCOc1ccc(NC(=O)))C,A1AF0C3E71F954-9A80CC3743-N,EGFR_P3,Series_10,387.7,1.95,1,8,71.1,2
CPD-00574,Clc1ccc(NC()F,272B643CDB949D-808A05EF65-N,EGFR_P3,Series_7,507.8,3.63,2,6,95.1,7
CPD-00575,c1ccc(NC(=O)c2ccc))N,1A3A8F77C3C823-8F0CC71045-N,CDK_P4,Series_15,403.6,2.83,3,3,55.5,10
CPD-00576,COc1ccc(CC(=O)Nc2))C,AC3B02F5FFF808-BCC8090536-N,EGFR_P3,Series_5,394.0,1.86,1,1,49.6,2
CPD-00577,COc1ccc(CC(=O)Nc2))O,746C3F1E4E3707-6E89F8AA6C-N,JAK2_P2,Series_19,351.5,1.94,2,7,90.4,2
CPD-00578,CCOc1ccc(NC(=O))Cl,944F43479670FC-7F638DEAAD-N,KRAS_P1,Series_11,366.0,3.86,2,4,90.3,6
CPD-00579,CCOc1ccc(NC(=O))N,EB40A4DBB7C38C-4CBC297CE4-N,JAK2_P2,Series_5,251.2,3.0,4,3,7.4,7
CPD-00580,CC(=O)Nc1ccc())O,470CC31F95F13A-1091FB6B64-N,CDK_P4,Series_13,531.3,1.29,1,4,26.2,9
CPD-00581,c1ccc2c(c1)cc())O,3C088C47266D3D-1401038D88-N,JAK2_P2,Series_18,360.3,2.71,2,4,97.9,3
CPD-00582,Clc1ccc(NC())O,76801C81FD294E-A6D2276F53-N,JAK2_P2,Series_15,398.4,3.41,3,6,54.2,6
CPD-00583,Fc1ccc(NC(=O)c2)Cl,51B0E134ADEDE1-43C37ED394-N,EGFR_P3,Series_10,311.4,2.31,2,6,83.8,3
CPD-00584,CC(=O)Nc1ccc()))N,1B7980E24CF09C-9371C985E7-N,JAK2_P2,Series_20,449.5,3.13,2,5,79.3,9
CPD-00585,c1ccc(NC(=O)c2ccc)F,13249D879B4FA8-39293F5719-N,KRAS_P1,Series_18,530.8,3.94,3,2,135.5,9
CPD-00586,c1ccc(-c2nccn2)cc1))F,8948A311DBB467-6B0E40055D-N,CDK_P4,Series_9,409.1,3.37,2,4,148.6,7
CPD-00587,Fc1ccc(NC(=O)c2))N,D2D233A98622F6-2EE28EE5ED-N,EGFR_P3,Series_5,429.0,0.59,2,8,69.1,3
CPD-00588,c1ccc2c(c1)cc()))C,ACFF3475E9FCC8-89460E2014-N,KRAS_P1,Series_12,404.1,3.36,0,3,80.7,9
CPD-00589,c1ccncc1NC(=O))C,79E1433208696B-1992E60398-N,EGFR_P3,Series_8,406.5,4.3,3,5,106.6,3
CPD-00590,c1ccc(NC(=O)c2ccc)))O,9260351F124761-F26C903FA2-N,JAK2_P2,Series_9,419.0,3.41,0,6,37.4,5
CPD-00591,O=C(Nc1ccccc1))Cl,9DE8C16DEF1409-078DEFFAEE-N,EGFR_P3,Series_20,481.7,3.53,4,5,67.7,8
CPD-00592,O=C(Nc1ccccc1))))F,AAC46287592430-18350B0F06-N,JAK2_P2,Series_2,307.8,4.5,3,2,87.5,7
CPD-00593,c1ccc(-c2nccn2)cc1)Cl,7498B4A00157CF-8FD5D74C8F-N,CDK_P4,Series_3,488.3,1.11,0,4,69.7,10
CPD-00594,c1ccc(-c2nccn2)cc1)C,5830998E601AE7-4640E086F1-N,JAK2_P2,Series_13,449.8,2.33,3,5,48.6,10
CPD-00595,c1ccc(NC(=O)c2ccc))C,CCB783E7EA927A-156D610996-N,JAK2_P2,Series_9,490.0,4.98,0,4,76.8,4
CPD-00596,CCOc1ccc(NC(=O))C,3ABB77EBE10EF7-268A8CC27B-N,CDK_P4,Series_14,375.4,2.22,1,3,100.8,2
CPD-00597,c1ccc(-c2nccn2)cc1)))C,45401A7EFDD455-21E5DD99B8-N,JAK2_P2,Series_17,469.7,0.82,1,2,88.4,9
CPD-00598,CCOc1ccc(NC(=O))O,648F193C997183-16B0B101F5-N,CDK_P4,Series_9,388.4,1.82,3,2,92.3,4
CPD-00599,CC(=O)Nc1ccc()F,F7987B1EB67F41-8C3E8FC276-N,CDK_P4,Series_3,347.9,5.79,1,1,91.6,4
CPD-00600,c1ccncc1NC(=O))))C,B38D7BECD15993-9F95328E5D-N,CDK_P4,Series_18,318.2,2.93,3,6,71.1,8
CPD-00601,COc1ccc(CC(=O)Nc2))Cl,FEAC1624EFD920-2EE904DF7D-N,KRAS_P1,Series_7,427.6,1.95,3,6,59.9,10
CPD-00602,CC(=O)Nc1ccc()))F,54502FE5B0802D-E6E1A873AF-N,CDK_P4,Series_2,487.3,2.8,3,4,129.2,4
CPD-00603,c1ccncc1NC(=O)))O,FD5B9418C774F5-B8E22E617F-N,EGFR_P3,Series_2,358.6,4.54,1,1,64.8,4
CPD-00604,c1ccc(NC(=O)c2ccc))F,5E81E87DA78AA5-359C14682F-N,EGFR_P3,Series_15,360.5,2.72,1,7,81.2,3
CPD-00605,c1ccncc1NC(=O))))C,B38D7BECD15993-8F6BBFFA15-N,EGFR_P3,Series_4,403.8,3.41,1,5,72.2,6
CPD-00606,CC(=O)Nc1ccc())Cl,32203ABD3035A4-BF57963FEE-N,CDK_P4,Series_7,443.8,1.24,3,2,54.7,4
CPD-00607,c1ccc(NC(=O)c2ccc)))O,9260351F124761-F5A157CAB7-N,KRAS_P1,Series_7,391.9,2.47,1,2,56.9,8
CPD-00608,CC(=O)Nc1ccc())C,224DD10CEF1888-662B22C8E1-N,JAK2_P2,Series_18,344.0,3.62,0,4,77.5,8
CPD-00609,CC(=O)Nc1ccc()C,A73E9DF7CC93B5-942159A377-N,JAK2_P2,Series_20,454.0,3.04,1,8,96.8,7
CPD-00610,c1ccc(NC(=O)c2ccc))Cl,14746E3A2C535D-FA4305C2A7-N,KRAS_P1,Series_5,429.4,4.75,0,2,105.2,10
CPD-00611,c1ccc2c(c1)cc()))Cl,09A01141194963-1B78449CA6-N,CDK_P4,Series_10,451.3,1.39,2,5,97.9,2
CPD-00612,O=C(Nc1ccccc1))))C,0B959531194807-B817CBC9A8-N,EGFR_P3,Series_4,286.6,4.08,3,2,106.4,2
CPD-00613,Fc1ccc(NC(=O)c2)N,2FABB1505212CA-6D0FB4C5CD-N,JAK2_P2,Series_19,417.1,3.64,3,1,52.0,8
CPD-00614,c1ccc(-c2nccn2)cc1)C,5830998E601AE7-FC44739D31-N,EGFR_P3,Series_19,371.4,3.47,1,2,92.7,2
CPD-00615,c1ccc(-c2nccn2)cc1))O,AF4639009D114A-9165405F6F-N,KRAS_P1,Series_17,450.5,0.22,1,8,118.9,7
CPD-00616,c1ccc(NC(=O)c2ccc)F,13249D879B4FA8-B9A381E247-N,KRAS_P1,Series_12,460.8,1.67,1,1,96.3,8
CPD-00617,Clc1ccc(NC()O,4197586EC93C61-A0AD519E26-N,KRAS_P1,Series_17,552.9,2.25,1,7,113.5,7
CPD-00618,c1ccncc1NC(=O)))F,1F858A27219DC5-5D1D841BFD-N,KRAS_P1,Series_6,467.1,4.53,3,5,84.0,10
CPD-00619,Clc1ccc(NC()))O,A60D8BF949577E-06905FDED1-N,KRAS_P1,Series_6,380.3,2.12,4,3,100.2,6
CPD-00620,c1ccc(-c2nccn2)cc1)N,99A75AA93FE9A8-69FDEB0F1E-N,KRAS_P1,Series_14,486.3,2.28,4,6,109.8,10
CPD-00621,Clc1ccc(NC())O,76801C81FD294E-6A172556B4-N,KRAS_P1,Series_16,371.9,3.56,3,2,100.4,5
CPD-00622,COc1ccc(CC(=O)Nc2)))O,AFA05F0A282BEC-48F6BCC1B7-N,CDK_P4,Series_14,503.7,1.47,0,5,40.5,10
CPD-00623,COc1ccc(CC(=O)Nc2)O,DC69D658C7BB0B-347DCA10DE-N,JAK2_P2,Series_19,383.4,2.9,2,3,87.8,4
CPD-00624,c1ccc2c(c1)cc())C,16CBB55D105996-EE2DC2062B-N,JAK2_P2,Series_17,381.0,3.12,0,4,121.6,6
CPD-00625,O=C(Nc1ccccc1))))C,0B959531194807-2CB14B2CE5-N,EGFR_P3,Series_2,346.2,1.97,0,2,81.4,3
CPD-00626,c1ccncc1NC(=O)))N,FED279A8DFF79E-1C7F2BEE34-N,CDK_P4,Series_11,454.0,1.36,3,8,61.5,10
CPD-00627,CCOc1ccc(NC(=O))))O,9EF6604505DB82-569E9CD431-N,CDK_P4,Series_13,554.8,2.78,0,6,118.0,8
CPD-00628,COc1ccc(CC(=O)Nc2)))Cl,B0ED58C6CA6FFE-C8892F50A6-N,CDK_P4,Series_3,532.4,3.77,1,5,146.2,5
CPD-00629,COc1ccc(CC(=O)Nc2)))F,F917FA2E2BAAB0-82A9DEFBE0-N,JAK2_P2,Series_1,434.3,3.27,3,5,111.7,3
CPD-00630,c1ccncc1NC(=O))O,B442EB2257D6BE-53A933219B-N,EGFR_P3,Series_15,432.7,3.13,3,1,101.2,9
CPD-00631,c1ccc(-c2nccn2)cc1)))F,F07680F8149532-3B209A9BEA-N,CDK_P4,Series_2,348.7,5.61,1,1,66.3,4
CPD-00632,Fc1ccc(NC(=O)c2))O,34CFD4FB17E74F-825E84836F-N,EGFR_P3,Series_8,485.8,1.52,1,6,109.9,2
CPD-00633,c1ccc2c(c1)cc()))N,18E7AC707AD6F1-99E5F943D0-N,CDK_P4,Series_8,376.5,3.42,4,7,51.4,7
CPD-00634,Fc1ccc(NC(=O)c2)))O,DBECFA20CD81AA-47A5AB0536-N,KRAS_P1,Series_9,465.6,4.4,0,1,77.5,3
CPD-00635,Fc1ccc(NC(=O)c2)))F,0C41C5B2977A22-3EB010845C-N,CDK_P4,Series_1,360.3,4.59,1,2,93.7,8
CPD-00636,Fc1ccc(NC(=O)c2))F,EDEC1F00C09A6E-F1F680717E-N,EGFR_P3,Series_5,496.4,4.94,1,4,79.2,3
CPD-00637,c1ccncc1NC(=O))C,79E1433208696B-FFCE21B4D6-N,EGFR_P3,Series_6,552.9,2.64,1,4,97.8,5
CPD-00638,CC(=O)Nc1ccc())N,0EECF3B272A73C-606F4975B1-N,KRAS_P1,Series_13,289.9,2.09,0,8,66.1,7
CPD-00639,CCOc1ccc(NC(=O))))N,A9B00FF462F139-D69260F177-N,JAK2_P2,Series_17,449.6,1.75,2,5,78.2,9
CPD-00640,CCOc1ccc(NC(=O))))Cl,808E6215548EDF-52F24DE2B6-N,JAK2_P2,Series_18,274.2,2.64,4,2,67.0,5
CPD-00641,CC(=O)Nc1ccc())C,224DD10CEF1888-E2347A668A-N,JAK2_P2,Series_4,385.6,1.52,2,6,125.0,6
CPD-00642,c1ccc(-c2nccn2)cc1)))O,F8B014682338D6-37A2E3D606-N,EGFR_P3,Series_13,355.0,2.31,3,6,20.7,7
CPD-00643,COc1ccc(CC(=O)Nc2)))N,6DB1F978415A5A-BE0CF38B8D-N,KRAS_P1,Series_17,507.3,3.0,0,3,72.3,3
CPD-00644,c1ccc(NC(=O)c2ccc)))O,9260351F124761-E092517360-N,EGFR_P3,Series_7,363.4,3.72,0,6,121.8,8
CPD-00645,c1ccncc1NC(=O))C,79E1433208696B-7011BDA03C-N,KRAS_P1,Series_2,428.4,1.6,3,2,74.9,5
CPD-00646,CC(=O)Nc1ccc()O,D04D81594EA576-99E2B9B630-N,EGFR_P3,Series_17,393.5,0.36,0,7,99.2,9
CPD-00647,c1ccc2c(c1)cc())Cl,9CA0272F79B35C-2F74156F14-N,JAK2_P2,Series_6,430.9,4.16,0,6,113.0,5
CPD-00648,Fc1ccc(NC(=O)c2)O,DDDB2611CE4A22-196447C3D3-N,EGFR_P3,Series_3,529.9,2.73,2,2,53.5,9
CPD-00649,c1ccc2c(c1)cc()))C,ACFF3475E9FCC8-FFE20354C7-N,JAK2_P2,Series_8,393.5,4.85,3,5,111.6,8
CPD-00650,c1ccc(NC(=O)c2ccc)C,67A7D322786D5C-5A1D8926B3-N,KRAS_P1,Series_11,434.9,1.97,2,7,119.4,10
CPD-00651,CCOc1ccc(NC(=O))F,A85C21D9E8EE7A-D857D41B87-N,EGFR_P3,Series_9,398.1,2.83,0,5,130.1,7
CPD-00652,O=C(Nc1ccccc1))F,0F39C7FF749C2D-154838FF4B-N,EGFR_P3,Series_7,447.2,5.69,4,1,77.9,5
CPD-00653,O=C(Nc1ccccc1))))C,0B959531194807-60C1DFD265-N,EGFR_P3,Series_1,431.8,2.85,1,5,92.0,7
CPD-00654,c1ccc2c(c1)cc())F,CDD10D56938C01-A6B64EEE95-N,KRAS_P1,Series_14,312.8,2.52,3,6,88.7,3
CPD-00655,c1ccc(-c2nccn2)cc1)C,5830998E601AE7-3A0ECB38EF-N,EGFR_P3,Series_19,458.7,2.84,1,3,32.8,3
CPD-00656,c1ccc(-c2nccn2)cc1)))Cl,6193061A065C01-3D056B1FE2-N,JAK2_P2,Series_18,228.3,3.91,2,5,76.1,9
CPD-00657,c1ccncc1NC(=O))Cl,009B68B61F6A3D-541979A2DE-N,CDK_P4,Series_8,430.1,4.28,1,7,130.5,6
CPD-00658,Clc1ccc(NC())Cl,48176AA944CD26-136E1CC054-N,KRAS_P1,Series_18,546.0,4.35,3,7,59.9,3
CPD-00659,c1ccc(-c2nccn2)cc1)C,5830998E601AE7-90254A6C51-N,KRAS_P1,Series_20,379.8,1.9,3,5,66.1,8
CPD-00660,Fc1ccc(NC(=O)c2)))Cl,D523DDC63067F8-CA3473F980-N,EGFR_P3,Series_3,490.2,1.05,3,5,46.0,4
CPD-00661,CC(=O)Nc1ccc()))N,1B7980E24CF09C-A0B47C40CC-N,CDK_P4,Series_6,446.2,3.02,1,8,94.7,3
CPD-00662,CCOc1ccc(NC(=O))N,EB40A4DBB7C38C-49B6C463D1-N,CDK_P4,Series_9,451.0,3.19,3,8,137.3,5
CPD-00663,c1ccncc1NC(=O))N,30435C99FB94D7-69480E3277-N,JAK2_P2,Series_14,439.0,2.53,0,8,71.5,4
CPD-00664,c1ccc2c(c1)cc())N,4F7A588D01D7BF-9DC097631A-N,CDK_P4,Series_12,397.9,2.45,4,1,94.4,7
CPD-00665,c1ccc2c(c1)cc()))C,ACFF3475E9FCC8-B29EA29227-N,JAK2_P2,Series_1,412.9,1.58,4,2,134.3,7
CPD-00666,c1ccc(-c2nccn2)cc1))Cl,50F86EC7962C17-067819AF11-N,JAK2_P2,Series_20,398.0,3.49,2,6,77.1,2
CPD-00667,O=C(Nc1ccccc1)))N,38B5280D32B47E-E70932B3EA-N,KRAS_P1,Series_7,439.8,1.98,3,2,79.6,2
CPD-00668,O=C(Nc1ccccc1)))N,38B5280D32B47E-0E1DB66A8F-N,CDK_P4,Series_19,367.1,2.31,4,6,106.9,6
CPD-00669,c1ccc2c(c1)cc()F,4F866AD358CDDF-003E379005-N,EGFR_P3,Series_3,359.3,2.1,0,4,80.7,5
CPD-00670,Fc1ccc(NC(=O)c2)))Cl,D523DDC63067F8-B374215B69-N,KRAS_P1,Series_20,345.4,3.18,2,7,73.9,10
CPD-00671,c1ccncc1NC(=O)))Cl,948E3DACDE40FE-CE8150EDFF-N,CDK_P4,Series_1,411.9,1.97,3,2,89.4,6
CPD-00672,Fc1ccc(NC(=O)c2)))N,51832383A6DBF4-304D5A0BC8-N,KRAS_P1,Series_19,439.2,5.38,1,3,72.4,3
CPD-00673,c1ccc(NC(=O)c2ccc)O,DA59B09D03CF71-FC7E021F00-N,KRAS_P1,Series_13,481.4,3.02,0,3,60.0,7
CPD-00674,c1ccc(NC(=O)c2ccc))Cl,14746E3A2C535D-050E3DAC60-N,EGFR_P3,Series_8,540.0,3.31,1,3,80.1,7
CPD-00675,Fc1ccc(NC(=O)c2)F,AFFF6105CC785A-2C110F95C4-N,JAK2_P2,Series_7,464.4,3.39,3,4,90.9,9
CPD-00676,c1ccc2c(c1)cc()))N,18E7AC707AD6F1-834DB28700-N,CDK_P4,Series_14,465.9,2.22,4,6,91.0,7
CPD-00677,c1ccc2c(c1)cc()O,3D2B810EFD7D6E-3D8A8E724B-N,JAK2_P2,Series_14,390.6,3.3,2,8,105.3,6
CPD-00678,Fc1ccc(NC(=O)c2)N,2FABB1505212CA-8B6AFCAABC-N,EGFR_P3,Series_15,504.0,2.89,0,7,54.7,5
CPD-00679,CC(=O)Nc1ccc()))N,1B7980E24CF09C-8059A39EFC-N,KRAS_P1,Series_7,335.4,5.04,2,1,72.1,7
CPD-00680,CCOc1ccc(NC(=O)))O,020880975A70A1-22A4CD6C99-N,JAK2_P2,Series_10,348.3,4.47,1,7,148.8,7
CPD-00681,c1ccc2c(c1)cc()))N,18E7AC707AD6F1-B6B1F5AFC6-N,JAK2_P2,Series_5,331.6,1.52,4,5,131.0,6
CPD-00682,c1ccc(NC(=O)c2ccc))N,1A3A8F77C3C823-DA9552B85E-N,KRAS_P1,Series_19,481.6,3.5,0,4,144.7,2
CPD-00683,c1ccc(-c2nccn2)cc1)))F,F07680F8149532-8F39D4BEFF-N,CDK_P4,Series_5,398.4,1.21,1,3,55.0,8
CPD-00684,c1ccc2c(c1)cc())C,16CBB55D105996-5301C8F7AD-N,CDK_P4,Series_17,330.2,3.19,0,6,71.8,6
CPD-00685,CC(=O)Nc1ccc())O,470CC31F95F13A-BB1A051D56-N,CDK_P4,Series_3,417.2,4.38,3,2,113.9,9
CPD-00686,CCOc1ccc(NC(=O)))F,5DBADFE3BE0BA9-574E0ECC94-N,EGFR_P3,Series_5,362.7,3.67,4,5,72.5,10
CPD-00687,c1ccncc1NC(=O)))F,1F858A27219DC5-D26107E517-N,CDK_P4,Series_2,557.7,4.51,2,6,109.9,2
CPD-00688,CCOc1ccc(NC(=O))C,3ABB77EBE10EF7-C586956CB8-N,JAK2_P2,Series_17,372.2,4.76,3,6,91.4,9
CPD-00689,c1ccncc1NC(=O))Cl,009B68B61F6A3D-F6A63B121E-N,CDK_P4,Series_3,339.4,-0.36,0,7,52.7,9
CPD-00690,O=C(Nc1ccccc1)))C,7A87B7DBEBE638-1B364CC2A8-N,CDK_P4,Series_11,385.0,3.99,2,6,71.4,3
CPD-00691,Clc1ccc(NC()Cl,45D07799327B7E-704A6DDD78-N,CDK_P4,Series_5,559.9,1.58,2,3,98.6,4
CPD-00692,c1ccncc1NC(=O)))F,1F858A27219DC5-0599F46479-N,EGFR_P3,Series_4,447.0,3.25,2,5,136.1,5
CPD-00693,c1ccc2c(c1)cc()F,4F866AD358CDDF-167E24AE74-N,CDK_P4,Series_5,445.3,2.57,1,6,124.8,10
CPD-00694,CCOc1ccc(NC(=O)))F,5DBADFE3BE0BA9-2EAD0BFF70-N,EGFR_P3,Series_18,562.5,1.18,0,2,57.9,9
CPD-00695,O=C(Nc1ccccc1))))Cl,DB89B34D7962FD-3C99EF2A99-N,JAK2_P2,Series_6,406.5,3.76,0,2,20.5,8
CPD-00696,COc1ccc(CC(=O)Nc2)))O,AFA05F0A282BEC-4EFD8FFBEA-N,EGFR_P3,Series_17,395.4,2.23,2,1,96.0,5
CPD-00697,CCOc1ccc(NC(=O)))O,020880975A70A1-AAB84F59BE-N,JAK2_P2,Series_3,491.6,2.58,3,5,98.5,4
CPD-00698,Clc1ccc(NC()N,4DF76E1898DF18-3EBBF2C3ED-N,EGFR_P3,Series_5,481.5,4.19,0,1,98.4,7
CPD-00699,Fc1ccc(NC(=O)c2))Cl,7FB01409A18CFC-F0AC571992-N,JAK2_P2,Series_1,295.5,2.03,3,7,119.1,10
CPD-00700,O=C(Nc1ccccc1)))N,38B5280D32B47E-28A9E265C5-N,JAK2_P2,Series_18,278.9,2.85,2,4,114.3,3
CPD-00701,c1ccncc1NC(=O))))C,B38D7BECD15993-749DEE63CD-N,CDK_P4,Series_9,447.1,2.63,2,1,57.5,8
CPD-00702,c1ccc(-c2nccn2)cc1)))F,F07680F8149532-043B137AC7-N,KRAS_P1,Series_9,422.3,3.76,1,8,59.6,4
CPD-00703,c1ccc2c(c1)cc()Cl,C80E2AA6E940C4-D3E331C847-N,EGFR_P3,Series_6,412.1,3.18,3,6,151.4,9
CPD-00704,CC(=O)Nc1ccc()))C,807AD733569236-6C66D98238-N,JAK2_P2,Series_17,382.5,3.72,4,3,56.7,9
CPD-00705,c1ccc2c(c1)cc())C,16CBB55D105996-2397A43094-N,CDK_P4,Series_2,515.9,1.31,4,3,42.8,9
CPD-00706,Clc1ccc(NC()C,0C4C839CE6E3B1-C82559A13B-N,CDK_P4,Series_11,486.3,6.54,3,3,106.3,4
CPD-00707,Clc1ccc(NC()F,272B643CDB949D-00B8ACA995-N,KRAS_P1,Series_3,457.7,5.13,3,2,83.8,2
CPD-00708,c1ccc(NC(=O)c2ccc)))F,4729F9803E73EF-6DF690BDA7-N,JAK2_P2,Series_12,372.3,1.81,4,4,96.4,10
CPD-00709,Fc1ccc(NC(=O)c2)O,DDDB2611CE4A22-267CFA9A75-N,CDK_P4,Series_15,500.3,2.46,2,1,64.3,9
CPD-00710,c1ccc2c(c1)cc())F,CDD10D56938C01-F3DAE96F71-N,CDK_P4,Series_3,361.4,1.82,3,6,84.5,3
CPD-00711,c1ccc(-c2nccn2)cc1)))N,4BC3A60CCADB56-6AEDB40BA9-N,JAK2_P2,Series_15,397.3,4.7,4,6,110.2,9
CPD-00712,c1ccc2c(c1)cc()))O,C4FEABEDE49FD2-DEB488E687-N,JAK2_P2,Series_14,442.2,2.14,2,7,101.3,7
CPD-00713,c1ccc(-c2nccn2)cc1)))O,F8B014682338D6-A14C1EF648-N,CDK_P4,Series_16,363.5,1.69,0,4,72.5,8
CPD-00714,c1ccc2c(c1)cc())N,4F7A588D01D7BF-7601E5E192-N,JAK2_P2,Series_1,389.8,3.49,0,5,43.5,10
CPD-00715,c1ccncc1NC(=O))F,9B649E77406030-D9945477AB-N,KRAS_P1,Series_5,495.9,0.82,4,3,73.7,7
CPD-00716,c1ccc2c(c1)cc()))C,ACFF3475E9FCC8-ABBCB83838-N,EGFR_P3,Series_1,382.1,3.69,3,1,116.6,7
CPD-00717,CC(=O)Nc1ccc()F,F7987B1EB67F41-FBD78224B8-N,KRAS_P1,Series_18,381.5,4.69,2,8,120.7,10
CPD-00718,c1ccc(NC(=O)c2ccc)F,13249D879B4FA8-7B7E2BC799-N,CDK_P4,Series_4,241.7,2.94,4,1,107.2,7
CPD-00719,c1ccc2c(c1)cc()N,A4506D2178EB63-C08287E458-N,JAK2_P2,Series_20,336.2,5.88,3,3,71.8,8
CPD-00720,Fc1ccc(NC(=O)c2))C,17AFFFD91BDA28-A165CECB4E-N,KRAS_P1,Series_13,486.1,2.26,3,6,101.9,9
CPD-00721,O=C(Nc1ccccc1)))Cl,2E002CA56090B1-C4BC615453-N,EGFR_P3,Series_10,349.5,3.68,1,6,74.7,8
CPD-00722,O=C(Nc1ccccc1))))C,0B959531194807-DC5F7907B0-N,CDK_P4,Series_15,575.5,3.57,4,2,65.7,7
CPD-00723,c1ccncc1NC(=O))F,9B649E77406030-7D8ED3DFB8-N,KRAS_P1,Series_15,538.1,1.1,4,7,66.8,8
CPD-00724,COc1ccc(CC(=O)Nc2))Cl,FEAC1624EFD920-5A95B8A50E-N,CDK_P4,Series_12,457.0,2.33,4,5,20.2,6
CPD-00725,COc1ccc(CC(=O)Nc2)))F,F917FA2E2BAAB0-BF67828EF1-N,EGFR_P3,Series_16,615.0,3.18,3,7,51.1,5
CPD-00726,Clc1ccc(NC()N,4DF76E1898DF18-85E9A2EC9F-N,CDK_P4,Series_8,329.1,3.88,4,8,91.2,3
CPD-00727,c1ccc(NC(=O)c2ccc))C,CCB783E7EA927A-B40907ED60-N,CDK_P4,Series_5,513.8,3.97,4,3,53.3,3
CPD-00728,c1ccc(NC(=O)c2ccc)))C,B9B8F8CFAE0A0C-8057DE5619-N,JAK2_P2,Series_17,479.9,2.56,4,8,65.0,7
CPD-00729,c1ccncc1NC(=O))))N,7BA71F31068A07-ACA85F481B-N,KRAS_P1,Series_19,349.3,2.53,2,3,145.2,7
CPD-00730,c1ccc2c(c1)cc())N,4F7A588D01D7BF-7E673F5751-N,CDK_P4,Series_1,437.0,2.92,3,5,49.3,2
CPD-00731,CCOc1ccc(NC(=O)))N,5BC6658E8AC38E-D5B3308D5B-N,JAK2_P2,Series_18,384.7,2.78,0,3,67.7,9
CPD-00732,Clc1ccc(NC()C,0C4C839CE6E3B1-C8DAD3C2EF-N,KRAS_P1,Series_10,385.6,0.01,1,1,100.9,10
CPD-00733,CC(=O)Nc1ccc()))F,54502FE5B0802D-35BAF28825-N,EGFR_P3,Series_12,546.6,3.52,1,8,69.4,7
CPD-00734,Clc1ccc(NC())F,7A25E6FB0CA320-A15F5F2D31-N,EGFR_P3,Series_5,518.8,4.37,3,2,85.8,10
CPD-00735,c1ccncc1NC(=O))F,9B649E77406030-F2C13E62B8-N,CDK_P4,Series_6,353.4,4.3,4,1,86.9,2
CPD-00736,c1ccc2c(c1)cc())Cl,9CA0272F79B35C-F4DB7A7648-N,EGFR_P3,Series_1,408.0,3.3,4,2,105.9,9
CPD-00737,CCOc1ccc(NC(=O))))N,A9B00FF462F139-D9F1381B94-N,JAK2_P2,Series_13,364.5,1.19,3,1,113.2,3
CPD-00738,c1ccc(NC(=O)c2ccc))C,CCB783E7EA927A-0E5A5F9AD3-N,JAK2_P2,Series_1,383.5,2.74,2,6,88.6,8
CPD-00739,CCOc1ccc(NC(=O))N,EB40A4DBB7C38C-5E254F4E3F-N,CDK_P4,Series_18,365.5,4.97,4,6,91.7,8
CPD-00740,c1ccc(-c2nccn2)cc1))N,FA595277B9F5EF-BA88DB6D16-N,JAK2_P2,Series_5,460.0,1.67,2,3,79.5,10
CPD-00741,O=C(Nc1ccccc1))C,45A968528AB610-9E85AFE463-N,EGFR_P3,Series_14,416.3,4.03,4,8,44.9,10
CPD-00742,c1ccc(NC(=O)c2ccc))C,CCB783E7EA927A-21655DE008-N,CDK_P4,Series_16,387.8,3.07,3,7,77.5,9
CPD-00743,CCOc1ccc(NC(=O))Cl,944F43479670FC-D9822590A1-N,EGFR_P3,Series_4,400.3,2.86,3,1,42.4,5
CPD-00744,COc1ccc(CC(=O)Nc2)))O,AFA05F0A282BEC-BF68BD2DC2-N,KRAS_P1,Series_20,382.0,1.63,3,2,93.2,6
CPD-00745,O=C(Nc1ccccc1))C,45A968528AB610-F4D7DD29AB-N,EGFR_P3,Series_6,405.9,1.13,1,4,72.9,3
CPD-00746,Fc1ccc(NC(=O)c2))F,EDEC1F00C09A6E-01C85E3803-N,KRAS_P1,Series_8,368.9,4.57,2,1,62.5,8
CPD-00747,c1ccc(-c2nccn2)cc1)))O,F8B014682338D6-B8446DD521-N,EGFR_P3,Series_5,411.9,4.75,2,5,52.7,10
CPD-00748,c1ccc(NC(=O)c2ccc))N,1A3A8F77C3C823-DDE8420625-N,EGFR_P3,Series_19,526.6,2.25,2,2,38.9,4
CPD-00749,CCOc1ccc(NC(=O))Cl,944F43479670FC-23812852BB-N,JAK2_P2,Series_18,382.6,2.65,2,3,131.3,8
CPD-00750,O=C(Nc1ccccc1))C,45A968528AB610-B99C0CCE50-N,KRAS_P1,Series_12,468.5,4.15,1,2,138.3,5
CPD-00751,O=C(Nc1ccccc1)))C,7A87B7DBEBE638-156129699B-N,EGFR_P3,Series_10,359.1,2.28,2,2,142.7,9
CPD-00752,O=C(Nc1ccccc1))O,3867CEE9ED3FB6-A93B561E1D-N,EGFR_P3,Series_1,404.4,3.52,2,7,80.5,4
CPD-00753,c1ccc(NC(=O)c2ccc)F,13249D879B4FA8-2158A449EF-N,KRAS_P1,Series_6,433.2,1.37,4,6,91.6,7
CPD-00754,O=C(Nc1ccccc1))F,0F39C7FF749C2D-0151F2B8B8-N,CDK_P4,Series_5,405.5,3.14,2,3,91.1,5
CPD-00755,c1ccncc1NC(=O))))O,8DB29799FF2CC0-F70AA7CA7D-N,KRAS_P1,Series_7,487.0,1.83,4,6,53.7,3
CPD-00756,Clc1ccc(NC()O,4197586EC93C61-EBA5423AE3-N,EGFR_P3,Series_12,445.2,1.75,2,1,89.0,7
CPD-00757,c1ccncc1NC(=O)))Cl,948E3DACDE40FE-48060C7897-N,EGFR_P3,Series_6,324.5,0.87,0,2,67.7,10
CPD-00758,c1ccncc1NC(=O)))O,FD5B9418C774F5-83BBAEA338-N,JAK2_P2,Series_18,382.5,3.7,4,2,59.0,9
CPD-00759,CC(=O)Nc1ccc())F,F030E777C4740D-7A42888C7B-N,EGFR_P3,Series_16,380.1,2.55,4,4,89.1,5
CPD-00760,COc1ccc(CC(=O)Nc2)N,16207FCAC6E87F-F0C8F4300B-N,KRAS_P1,Series_20,469.2,4.57,4,5,101.3,8
CPD-00761,c1ccncc1NC(=O)))C,57417E161A7B79-10BA863A04-N,CDK_P4,Series_2,465.7,3.51,3,4,100.5,4
CPD-00762,c1ccc2c(c1)cc())F,CDD10D56938C01-17B72842A2-N,EGFR_P3,Series_2,458.1,3.29,1,7,42.7,8
CPD-00763,c1ccc(-c2nccn2)cc1)))F,F07680F8149532-90C4DE141E-N,CDK_P4,Series_17,483.3,3.51,4,5,62.3,6
CPD-00764,Fc1ccc(NC(=O)c2))F,EDEC1F00C09A6E-DD8E534C5C-N,JAK2_P2,Series_19,421.5,3.13,0,7,78.0,2
CPD-00765,Clc1ccc(NC())F,7A25E6FB0CA320-3C5911312F-N,EGFR_P3,Series_19,462.9,2.94,2,1,114.6,10
CPD-00766,c1ccc(NC(=O)c2ccc)))N,7F64D1E562AC18-DF4478E01C-N,KRAS_P1,Series_7,273.2,2.27,4,8,56.2,9
CPD-00767,c1ccc(NC(=O)c2ccc))O,B2B84511D9EB1D-23F199A370-N,JAK2_P2,Series_10,429.6,3.1,4,4,71.7,8
CPD-00768,Fc1ccc(NC(=O)c2)))O,DBECFA20CD81AA-C98459A0C8-N,EGFR_P3,Series_3,311.5,2.9,2,7,109.9,9
CPD-00769,c1ccc2c(c1)cc()))C,ACFF3475E9FCC8-386799B4B7-N,EGFR_P3,Series_5,509.3,3.76,2,6,51.5,5
CPD-00770,Fc1ccc(NC(=O)c2)C,EB1F217780A4BC-4C2DB989FA-N,KRAS_P1,Series_3,429.1,2.21,2,6,111.5,6
CPD-00771,c1ccncc1NC(=O))))C,B38D7BECD15993-614F77B91F-N,KRAS_P1,Series_5,414.5,2.24,1,5,147.3,3
CPD-00772,c1ccc(NC(=O)c2ccc))O,B2B84511D9EB1D-2F00CDB915-N,EGFR_P3,Series_11,362.6,3.25,1,4,51.5,7
CPD-00773,c1ccncc1NC(=O))))C,B38D7BECD15993-8538C34A5F-N,JAK2_P2,Series_13,480.6,-0.71,4,1,50.8,3
CPD-00774,CCOc1ccc(NC(=O)))O,020880975A70A1-26953E0B7E-N,JAK2_P2,Series_11,476.0,3.09,3,4,89.8,8
CPD-00775,Fc1ccc(NC(=O)c2)))N,51832383A6DBF4-7293C7A5E1-N,KRAS_P1,Series_13,514.0,4.64,3,5,117.9,2
CPD-00776,c1ccncc1NC(=O))F,9B649E77406030-97A4203A4F-N,CDK_P4,Series_18,462.1,4.81,3,7,88.9,10
CPD-00777,COc1ccc(CC(=O)Nc2)C,A5F4B2839FCC10-A6FBF2DB0B-N,EGFR_P3,Series_3,412.3,6.21,1,3,153.1,5
CPD-00778,c1ccc(-c2nccn2)cc1)))Cl,6193061A065C01-0E825846F9-N,JAK2_P2,Series_11,502.9,2.2,4,8,108.9,4
CPD-00779,O=C(Nc1ccccc1))))C,0B959531194807-F002DECC83-N,CDK_P4,Series_13,355.7,3.04,3,5,113.6,10
CPD-00780,COc1ccc(CC(=O)Nc2)O,DC69D658C7BB0B-73402D0949-N,KRAS_P1,Series_3,454.0,3.6,3,6,97.5,9
CPD-00781,c1ccc2c(c1)cc()))F,0524017DEBA59F-9212210870-N,EGFR_P3,Series_7,496.2,0.44,0,3,112.3,3
CPD-00782,c1ccc(-c2nccn2)cc1)N,99A75AA93FE9A8-09550D69B4-N,KRAS_P1,Series_10,643.9,1.81,2,7,102.5,8
CPD-00783,c1ccncc1NC(=O))O,B442EB2257D6BE-D3D5ED341E-N,JAK2_P2,Series_19,466.6,2.27,0,7,107.5,4
CPD-00784,CCOc1ccc(NC(=O))))O,9EF6604505DB82-EE9EF8ECBC-N,KRAS_P1,Series_4,388.3,1.79,0,2,124.1,2
CPD-00785,c1ccncc1NC(=O)))Cl,948E3DACDE40FE-1944908340-N,CDK_P4,Series_17,373.7,4.52,1,6,90.0,6
CPD-00786,c1ccncc1NC(=O))))O,8DB29799FF2CC0-4A657B619E-N,EGFR_P3,Series_5,281.8,4.41,3,6,132.3,4
CPD-00787,c1ccncc1NC(=O))))F,E212B11A90D5A8-CCAEA20075-N,EGFR_P3,Series_8,288.1,5.03,3,3,81.0,9
CPD-00788,COc1ccc(CC(=O)Nc2)F,A1A46D2D979E24-EDA627C760-N,EGFR_P3,Series_1,420.3,2.75,2,5,44.9,6
CPD-00789,c1ccc(NC(=O)c2ccc)F,13249D879B4FA8-584594A883-N,CDK_P4,Series_3,425.8,3.7,4,8,79.7,2
CPD-00790,c1ccc(-c2nccn2)cc1)C,5830998E601AE7-02D5D8EC43-N,EGFR_P3,Series_4,485.1,1.49,2,3,77.3,8
CPD-00791,Fc1ccc(NC(=O)c2)O,DDDB2611CE4A22-01378DF6F6-N,EGFR_P3,Series_9,501.7,1.99,4,5,92.8,7
CPD-00792,c1ccc(-c2nccn2)cc1)))F,F07680F8149532-71C6A40D14-N,CDK_P4,Series_12,375.6,2.74,3,7,124.7,3
CPD-00793,c1ccc2c(c1)cc()))Cl,09A01141194963-986D48E2E8-N,CDK_P4,Series_19,351.3,2.75,1,3,96.3,5
CPD-00794,COc1ccc(CC(=O)Nc2)O,DC69D658C7BB0B-70610312EA-N,JAK2_P2,Series_4,421.8,3.57,1,2,133.4,10
CPD-00795,CCOc1ccc(NC(=O)))Cl,3E012A4DBF289B-5D536774C3-N,KRAS_P1,Series_7,299.2,2.76,3,4,95.3,4
CPD-00796,c1ccc2c(c1)cc())N,4F7A588D01D7BF-72E430531D-N,JAK2_P2,Series_5,409.5,1.19,4,7,45.8,10
CPD-00797,c1ccc(NC(=O)c2ccc)))N,7F64D1E562AC18-0E0627D48D-N,EGFR_P3,Series_6,442.8,2.93,3,4,84.7,6
CPD-00798,COc1ccc(CC(=O)Nc2))O,746C3F1E4E3707-03B208989A-N,JAK2_P2,Series_4,255.3,3.91,2,6,53.6,9
CPD-00799,c1ccc(NC(=O)c2ccc))N,1A3A8F77C3C823-59D2DEFA63-N,EGFR_P3,Series_20,475.4,4.35,4,3,97.5,6
CPD-00800,c1ccc2c(c1)cc()Cl,C80E2AA6E940C4-B57AB246C4-N,CDK_P4,Series_16,516.7,2.48,2,5,118.4,3
CPD-00801,Fc1ccc(NC(=O)c2)C,EB1F217780A4BC-5658FCF103-N,JAK2_P2,Series_6,480.5,3.49,0,8,95.8,5
CPD-00802,CC(=O)Nc1ccc()))C,807AD733569236-0F9AD98E15-N,CDK_P4,Series_4,363.4,2.34,0,8,67.7,7
CPD-00803,c1ccc(NC(=O)c2ccc)Cl,7691DA572198AF-9597EB40B2-N,KRAS_P1,Series_12,390.6,1.89,0,3,49.1,4
CPD-00804,c1ccc(-c2nccn2)cc1)))Cl,6193061A065C01-E50A50E153-N,EGFR_P3,Series_5,344.1,2.88,4,1,94.2,3
CPD-00805,c1ccc(NC(=O)c2ccc)))Cl,320334E2C90B6C-A46604C380-N,JAK2_P2,Series_13,285.2,2.35,3,5,46.0,7
CPD-00806,c1ccncc1NC(=O))))Cl,6C29BF9C86C077-10C4AF299F-N,EGFR_P3,Series_7,283.6,3.91,4,1,105.7,3
CPD-00807,c1ccc(-c2nccn2)cc1))C,714DC810421755-F500D57FAE-N,EGFR_P3,Series_3,454.3,3.76,3,1,96.2,7
CPD-00808,c1ccc(NC(=O)c2ccc)))N,7F64D1E562AC18-4219984452-N,EGFR_P3,Series_13,405.9,1.82,4,5,106.5,4
CPD-00809,c1ccc(-c2nccn2)cc1)))O,F8B014682338D6-DE31B08045-N,CDK_P4,Series_19,348.0,4.88,0,5,70.7,7
CPD-00810,c1ccc(-c2nccn2)cc1)))C,45401A7EFDD455-6398A10DA9-N,KRAS_P1,Series_5,387.5,5.03,4,2,77.8,10
CPD-00811,COc1ccc(CC(=O)Nc2)Cl,5FD3061DF1F11A-1023F1B00C-N,EGFR_P3,Series_10,544.9,3.44,2,6,67.3,3
CPD-00812,c1ccncc1NC(=O))F,9B649E77406030-0804687D60-N,KRAS_P1,Series_3,440.3,3.76,1,7,75.7,5
CPD-00813,c1ccc(-c2nccn2)cc1))F,8948A311DBB467-015C020211-N,JAK2_P2,Series_14,364.6,2.85,2,8,85.6,9
CPD-00814,CCOc1ccc(NC(=O))))C,A7236FFB85535A-0CB5297CF1-N,JAK2_P2,Series_19,340.0,1.47,2,6,90.5,5
CPD-00815,CC(=O)Nc1ccc())O,470CC31F95F13A-7D60A43B02-N,KRAS_P1,Series_12,428.8,2.02,0,6,134.8,9
CPD-00816,Fc1ccc(NC(=O)c2))N,D2D233A98622F6-62A1E7FF64-N,KRAS_P1,Series_20,485.0,3.77,3,7,131.2,3
CPD-00817,Clc1ccc(NC())O,76801C81FD294E-075FF3FFF9-N,KRAS_P1,Series_7,374.0,1.44,3,7,67.2,9
CPD-00818,c1ccncc1NC(=O))F,9B649E77406030-A6015EFCEA-N,JAK2_P2,Series_18,330.6,1.1,0,8,69.2,3
CPD-00819,Clc1ccc(NC()O,4197586EC93C61-39BCD602A5-N,EGFR_P3,Series_17,426.5,4.25,2,3,117.4,7
CPD-00820,c1ccncc1NC(=O))N,30435C99FB94D7-8656DE51DE-N,KRAS_P1,Series_19,320.4,2.89,4,3,132.4,6
CPD-00821,c1ccc2c(c1)cc())F,CDD10D56938C01-819F48A347-N,KRAS_P1,Series_4,321.1,1.32,1,2,115.4,9
CPD-00822,c1ccc(NC(=O)c2ccc)Cl,7691DA572198AF-60B4695D30-N,KRAS_P1,Series_4,364.7,2.58,1,6,80.9,6
CPD-00823,Clc1ccc(NC())N,7B7D1A756B2C53-CEEDC042A9-N,CDK_P4,Series_13,332.2,1.07,1,2,14.2,8
CPD-00824,c1ccc2c(c1)cc()))F,0524017DEBA59F-735B5A95AA-N,CDK_P4,Series_11,423.2,2.5,3,7,71.6,5
CPD-00825,c1ccc(-c2nccn2)cc1)F,ADA295CBF52C0A-A35EBE271C-N,KRAS_P1,Series_12,513.6,3.98,3,6,69.6,7
CPD-00826,c1ccncc1NC(=O))))Cl,6C29BF9C86C077-2FBA21DA69-N,EGFR_P3,Series_9,384.8,3.76,4,8,78.2,3
CPD-00827,O=C(Nc1ccccc1)))N,38B5280D32B47E-7317C8319E-N,EGFR_P3,Series_20,449.1,2.6,4,4,61.2,8
CPD-00828,c1ccc(-c2nccn2)cc1))O,AF4639009D114A-187BE34A85-N,JAK2_P2,Series_11,565.9,3.84,3,5,130.4,3
CPD-00829,c1ccc(NC(=O)c2ccc)Cl,7691DA572198AF-8BC45EB4F7-N,JAK2_P2,Series_12,471.5,1.4,0,2,80.7,10
CPD-00830,CCOc1ccc(NC(=O))C,3ABB77EBE10EF7-BD8179340D-N,EGFR_P3,Series_20,346.5,2.76,0,3,108.1,9
CPD-00831,Clc1ccc(NC()F,272B643CDB949D-232EF7AEFB-N,JAK2_P2,Series_1,442.3,2.85,1,5,72.1,7
CPD-00832,CC(=O)Nc1ccc()))O,0130FA846BB02D-97DB864A73-N,EGFR_P3,Series_18,472.7,3.32,1,2,91.2,8
CPD-00833,Clc1ccc(NC())Cl,48176AA944CD26-31973390B3-N,EGFR_P3,Series_14,377.8,2.54,0,5,98.4,9
CPD-00834,c1ccc(-c2nccn2)cc1)))C,45401A7EFDD455-23FE8A3E48-N,EGFR_P3,Series_12,439.7,4.93,0,3,128.3,3
CPD-00835,c1ccc2c(c1)cc()N,A4506D2178EB63-650A469F67-N,CDK_P4,Series_11,441.3,3.31,2,3,92.8,7
CPD-00836,CC(=O)Nc1ccc()C,A73E9DF7CC93B5-E76DADEA04-N,CDK_P4,Series_16,463.7,1.01,0,2,158.7,8
CPD-00837,c1ccc2c(c1)cc()))O,C4FEABEDE49FD2-87382322AA-N,CDK_P4,Series_15,456.5,3.04,4,5,83.0,9
CPD-00838,CCOc1ccc(NC(=O))))N,A9B00FF462F139-3DD541939F-N,EGFR_P3,Series_19,460.9,2.49,0,7,87.4,2
CPD-00839,c1ccc(NC(=O)c2ccc)))F,4729F9803E73EF-5B9591C6F3-N,EGFR_P3,Series_8,342.1,1.87,1,6,104.2,9
CPD-00840,c1ccc2c(c1)cc()N,A4506D2178EB63-878BFAEB20-N,KRAS_P1,Series_18,455.9,4.65,3,8,70.8,8
CPD-00841,Fc1ccc(NC(=O)c2)))Cl,D523DDC63067F8-1DAFC0F094-N,CDK_P4,Series_18,424.0,4.24,2,6,31.5,8
CPD-00842,Fc1ccc(NC(=O)c2)))O,DBECFA20CD81AA-6A26112F5D-N,KRAS_P1,Series_16,360.4,2.23,3,3,75.4,6
CPD-00843,c1ccncc1NC(=O)))Cl,948E3DACDE40FE-79D35CC532-N,JAK2_P2,Series_7,424.5,3.71,4,1,108.1,2
CPD-00844,O=C(Nc1ccccc1))N,A1A1BB6759BEB2-86EC8FEB5A-N,CDK_P4,Series_16,454.3,3.12,1,7,77.7,6
CPD-00845,Fc1ccc(NC(=O)c2)))F,0C41C5B2977A22-96B03E8B62-N,KRAS_P1,Series_19,408.1,2.25,3,6,102.7,8
CPD-00846,Clc1ccc(NC()C,0C4C839CE6E3B1-A336A5793B-N,CDK_P4,Series_15,560.7,3.04,0,4,121.2,6
CPD-00847,Fc1ccc(NC(=O)c2)F,AFFF6105CC785A-D28527F499-N,CDK_P4,Series_16,418.8,3.92,1,2,77.8,7
CPD-00848,O=C(Nc1ccccc1))))C,0B959531194807-C80498E984-N,EGFR_P3,Series_11,451.4,1.92,2,1,107.7,8
CPD-00849,COc1ccc(CC(=O)Nc2)))Cl,B0ED58C6CA6FFE-A5E5531F18-N,JAK2_P2,Series_12,351.2,2.58,4,2,40.7,10
CPD-00850,c1ccncc1NC(=O))C,79E1433208696B-DFD2DDCD40-N,EGFR_P3,Series_16,552.4,2.88,0,2,119.8,3
CPD-00851,Clc1ccc(NC()))F,94961475EF3B67-7158F2135B-N,EGFR_P3,Series_19,385.0,0.37,0,8,148.2,2
CPD-00852,c1ccc(-c2nccn2)cc1)N,99A75AA93FE9A8-BC5E94B0D6-N,CDK_P4,Series_15,348.2,2.56,0,2,105.3,10
CPD-00853,CCOc1ccc(NC(=O))F,A85C21D9E8EE7A-C116980447-N,EGFR_P3,Series_3,303.9,3.78,2,5,174.6,9
CPD-00854,CCOc1ccc(NC(=O))O,648F193C997183-8B675B5945-N,CDK_P4,Series_9,318.4,1.8,2,2,122.4,8
CPD-00855,Clc1ccc(NC()Cl,45D07799327B7E-3DE51EBF9E-N,CDK_P4,Series_15,308.3,4.77,3,3,108.1,7
CPD-00856,c1ccncc1NC(=O))O,B442EB2257D6BE-2E13E4ECE4-N,CDK_P4,Series_4,427.0,1.95,2,2,25.5,2
CPD-00857,COc1ccc(CC(=O)Nc2))C,AC3B02F5FFF808-3C7710AEDE-N,JAK2_P2,Series_11,481.2,0.94,3,7,44.6,10
CPD-00858,Fc1ccc(NC(=O)c2))Cl,7FB01409A18CFC-231305ED39-N,EGFR_P3,Series_8,362.8,2.17,1,7,80.5,6
CPD-00859,c1ccc(-c2nccn2)cc1))C,714DC810421755-A7A445CB5C-N,EGFR_P3,Series_17,438.7,4.47,2,7,99.1,6
CPD-00860,CC(=O)Nc1ccc()))F,54502FE5B0802D-C12A40932C-N,EGFR_P3,Series_9,515.3,0.99,2,7,89.2,10
CPD-00861,CC(=O)Nc1ccc())N,0EECF3B272A73C-5FFFA0FF7D-N,CDK_P4,Series_12,464.7,4.76,2,2,56.7,8
CPD-00862,Clc1ccc(NC())N,7B7D1A756B2C53-E9FE8BD4F3-N,JAK2_P2,Series_18,513.5,2.8,3,6,96.6,3
CPD-00863,c1ccc(-c2nccn2)cc1))C,714DC810421755-A198AC6F04-N,CDK_P4,Series_13,535.5,4.48,4,7,135.3,10
CPD-00864,c1ccc(NC(=O)c2ccc))O,B2B84511D9EB1D-68B1EDFCED-N,EGFR_P3,Series_12,382.0,2.38,2,3,57.9,6
CPD-00865,c1ccc2c(c1)cc()))N,18E7AC707AD6F1-37FCE9C20A-N,EGFR_P3,Series_3,582.2,3.48,2,8,83.8,2
CPD-00866,Fc1ccc(NC(=O)c2)Cl,51B0E134ADEDE1-8CFF72457A-N,EGFR_P3,Series_8,424.8,3.03,0,2,42.7,6
CPD-00867,c1ccncc1NC(=O)))O,FD5B9418C774F5-24E3C05ADD-N,JAK2_P2,Series_7,398.3,3.93,1,6,70.9,4
CPD-00868,c1ccc(-c2nccn2)cc1)F,ADA295CBF52C0A-A7E4C4F8E5-N,CDK_P4,Series_16,409.8,4.67,2,1,82.7,5
CPD-00869,c1ccncc1NC(=O))))Cl,6C29BF9C86C077-D2D570E279-N,EGFR_P3,Series_5,295.6,4.88,4,1,34.2,5
CPD-00870,c1ccc2c(c1)cc())N,4F7A588D01D7BF-A651E3E769-N,CDK_P4,Series_9,358.8,1.79,1,3,27.3,8
CPD-00871,c1ccc2c(c1)cc()))Cl,09A01141194963-A48ED4B2C9-N,CDK_P4,Series_11,280.8,1.59,0,5,125.3,8
CPD-00872,O=C(Nc1ccccc1))))F,AAC46287592430-251EA169F7-N,KRAS_P1,Series_9,620.3,2.72,0,7,97.2,10
CPD-00873,COc1ccc(CC(=O)Nc2))N,4C5BE405067C48-E4AFF9EAFF-N,CDK_P4,Series_18,392.5,2.24,3,7,107.5,3
CPD-00874,c1ccc2c(c1)cc()Cl,C80E2AA6E940C4-1DDC208098-N,JAK2_P2,Series_14,378.9,4.2,4,6,38.6,9
CPD-00875,O=C(Nc1ccccc1)))Cl,2E002CA56090B1-B7E9266AF8-N,JAK2_P2,Series_19,409.4,1.78,0,1,50.7,4
CPD-00876,c1ccncc1NC(=O))))Cl,6C29BF9C86C077-FED300B507-N,JAK2_P2,Series_13,244.8,4.27,4,8,156.0,2
CPD-00877,c1ccc(NC(=O)c2ccc)C,67A7D322786D5C-7570C4A604-N,CDK_P4,Series_17,391.6,2.52,1,7,154.4,3
CPD-00878,COc1ccc(CC(=O)Nc2)))Cl,B0ED58C6CA6FFE-6F841D3986-N,JAK2_P2,Series_7,500.0,0.84,4,4,134.8,8
CPD-00879,c1ccc(NC(=O)c2ccc)Cl,7691DA572198AF-D535A3DB2D-N,JAK2_P2,Series_18,411.8,5.38,2,7,130.8,4
CPD-00880,CC(=O)Nc1ccc()O,D04D81594EA576-6B1C628F04-N,KRAS_P1,Series_9,437.0,2.22,1,7,51.9,10
CPD-00881,O=C(Nc1ccccc1))N,A1A1BB6759BEB2-B6DC387947-N,EGFR_P3,Series_12,532.0,4.58,4,2,72.3,6
CPD-00882,Fc1ccc(NC(=O)c2)Cl,51B0E134ADEDE1-F59604570A-N,EGFR_P3,Series_12,449.5,3.79,3,8,59.2,10
CPD-00883,c1ccncc1NC(=O))))F,E212B11A90D5A8-26B56E87D9-N,EGFR_P3,Series_13,491.6,2.13,3,2,66.4,9
CPD-00884,COc1ccc(CC(=O)Nc2)))Cl,B0ED58C6CA6FFE-F3446E4EDA-N,JAK2_P2,Series_8,503.3,0.15,0,4,42.6,7
CPD-00885,COc1ccc(CC(=O)Nc2)F,A1A46D2D979E24-136A01E341-N,JAK2_P2,Series_15,368.2,3.98,0,8,118.0,8
CPD-00886,Fc1ccc(NC(=O)c2)))Cl,D523DDC63067F8-659269E353-N,CDK_P4,Series_17,490.7,5.56,2,6,112.2,5
CPD-00887,COc1ccc(CC(=O)Nc2)))C,31E27F8007A0FC-4BD3150DC4-N,CDK_P4,Series_9,414.0,0.6,3,4,82.6,4
CPD-00888,O=C(Nc1ccccc1))F,0F39C7FF749C2D-5BAA5370DB-N,EGFR_P3,Series_6,513.3,3.27,3,6,107.0,3
CPD-00889,CCOc1ccc(NC(=O)))O,020880975A70A1-7DC7F437D7-N,CDK_P4,Series_4,333.7,2.92,0,5,45.0,2
CPD-00890,O=C(Nc1ccccc1))O,3867CEE9ED3FB6-D3C2956151-N,JAK2_P2,Series_17,374.2,4.47,0,3,74.9,6
CPD-00891,Fc1ccc(NC(=O)c2)))N,51832383A6DBF4-718ABA7BD1-N,KRAS_P1,Series_7,317.6,2.65,1,4,102.3,4
CPD-00892,c1ccc(-c2nccn2)cc1)))N,4BC3A60CCADB56-3B64F3201A-N,CDK_P4,Series_16,398.1,2.53,3,1,75.9,4
CPD-00893,COc1ccc(CC(=O)Nc2)Cl,5FD3061DF1F11A-967CEFC05C-N,JAK2_P2,Series_18,443.4,3.78,3,4,74.0,10
CPD-00894,O=C(Nc1ccccc1))C,45A968528AB610-9A98F24F4A-N,EGFR_P3,Series_2,361.9,1.57,1,6,77.5,4
CPD-00895,O=C(Nc1ccccc1))O,3867CEE9ED3FB6-56AB5044EA-N,JAK2_P2,Series_5,449.0,1.01,0,6,108.7,9
CPD-00896,c1ccc(-c2nccn2)cc1)))N,4BC3A60CCADB56-B6F801AD97-N,KRAS_P1,Series_9,507.7,2.72,4,8,43.3,7
CPD-00897,COc1ccc(CC(=O)Nc2)O,DC69D658C7BB0B-6556E183A4-N,KRAS_P1,Series_13,452.9,3.91,4,5,70.4,10
CPD-00898,c1ccc(-c2nccn2)cc1))N,FA595277B9F5EF-3FD0F5C50E-N,JAK2_P2,Series_12,233.2,3.81,0,5,57.6,8
CPD-00899,COc1ccc(CC(=O)Nc2)))C,31E27F8007A0FC-DF8A924309-N,KRAS_P1,Series_20,398.8,4.82,3,4,66.4,5
CPD-00900,CC(=O)Nc1ccc()O,D04D81594EA576-18CE7E5269-N,CDK_P4,Series_6,549.1,3.65,3,2,48.7,2
CPD-00901,c1ccc(-c2nccn2)cc1)F,ADA295CBF52C0A-BDD5B4AB41-N,JAK2_P2,Series_6,430.9,4.32,1,3,64.9,8
CPD-00902,O=C(Nc1ccccc1))C,45A968528AB610-731D2F0AC2-N,KRAS_P1,Series_11,355.8,1.83,3,3,90.6,6
CPD-00903,c1ccc(NC(=O)c2ccc)Cl,7691DA572198AF-3404E3D571-N,JAK2_P2,Series_8,529.7,3.01,2,5,106.6,3
CPD-00904,Clc1ccc(NC()Cl,45D07799327B7E-C57C16DE22-N,JAK2_P2,Series_13,370.9,2.61,1,7,99.0,5
CPD-00905,CCOc1ccc(NC(=O)))N,5BC6658E8AC38E-B00C838645-N,CDK_P4,Series_8,407.4,3.29,3,4,137.5,10
CPD-00906,O=C(Nc1ccccc1))))Cl,DB89B34D7962FD-78DB56860B-N,EGFR_P3,Series_4,452.5,1.36,1,8,122.1,7
CPD-00907,COc1ccc(CC(=O)Nc2)Cl,5FD3061DF1F11A-E3B0BADC41-N,KRAS_P1,Series_19,357.7,4.99,2,8,79.4,4
CPD-00908,COc1ccc(CC(=O)Nc2)))C,31E27F8007A0FC-D17AC3590F-N,KRAS_P1,Series_13,410.9,3.19,0,8,89.3,8
CPD-00909,c1ccc(-c2nccn2)cc1)F,ADA295CBF52C0A-111B8CD6DC-N,JAK2_P2,Series_2,256.5,4.27,3,8,76.1,4
CPD-00910,c1ccc(NC(=O)c2ccc)C,67A7D322786D5C-19B565D604-N,JAK2_P2,Series_13,409.5,3.47,3,7,114.6,9
CPD-00911,c1ccc(-c2nccn2)cc1)Cl,7498B4A00157CF-BA1E50DBB8-N,KRAS_P1,Series_6,318.7,3.65,0,3,105.7,8
CPD-00912,O=C(Nc1ccccc1))N,A1A1BB6759BEB2-FB1DDD40B7-N,KRAS_P1,Series_20,391.7,3.13,2,4,99.7,4
CPD-00913,c1ccc(-c2nccn2)cc1)O,2EA3616B2CF5C5-771A41D89B-N,CDK_P4,Series_8,499.8,4.04,4,7,82.1,8
CPD-00914,Clc1ccc(NC()N,4DF76E1898DF18-98615B10DB-N,CDK_P4,Series_12,478.5,2.01,0,2,71.5,4
CPD-00915,c1ccc(-c2nccn2)cc1))C,714DC810421755-877E11D6AB-N,KRAS_P1,Series_11,478.6,3.96,4,2,85.9,6
CPD-00916,c1ccc(NC(=O)c2ccc)F,13249D879B4FA8-D189C3121F-N,EGFR_P3,Series_2,333.0,3.23,3,4,102.8,8
CPD-00917,c1ccc(-c2nccn2)cc1)N,99A75AA93FE9A8-D1BB0F715C-N,KRAS_P1,Series_20,463.3,2.55,4,4,63.2,4
CPD-00918,CCOc1ccc(NC(=O)))O,020880975A70A1-33C5F4AD3C-N,EGFR_P3,Series_15,430.4,3.08,3,8,19.4,4
CPD-00919,CCOc1ccc(NC(=O))))Cl,808E6215548EDF-8509C06074-N,CDK_P4,Series_1,334.6,3.14,3,7,65.8,4
CPD-00920,Clc1ccc(NC())N,7B7D1A756B2C53-E7E3782E0F-N,CDK_P4,Series_4,413.3,2.95,0,1,103.1,6
CPD-00921,Fc1ccc(NC(=O)c2)))O,DBECFA20CD81AA-FFEE634D3F-N,CDK_P4,Series_20,465.7,2.27,1,6,100.2,3
CPD-00922,c1ccc(NC(=O)c2ccc))N,1A3A8F77C3C823-B2190E0ACD-N,JAK2_P2,Series_9,428.7,1.65,4,8,51.5,10
CPD-00923,c1ccc2c(c1)cc()Cl,C80E2AA6E940C4-3C0AC54619-N,KRAS_P1,Series_13,462.1,3.32,0,5,93.2,8
CPD-00924,CC(=O)Nc1ccc())O,470CC31F95F13A-C506F63C9A-N,EGFR_P3,Series_13,294.3,1.47,0,7,82.7,10
CPD-00925,c1ccc(NC(=O)c2ccc)O,DA59B09D03CF71-F9BE6C957C-N,KRAS_P1,Series_4,653.6,2.89,4,1,111.9,10
CPD-00926,Clc1ccc(NC()O,4197586EC93C61-44E28F9BCF-N,KRAS_P1,Series_8,338.9,1.64,0,5,121.1,9
CPD-00927,CCOc1ccc(NC(=O))O,648F193C997183-CB46DC45DA-N,KRAS_P1,Series_7,357.8,2.2,1,4,74.9,4
CPD-00928,Clc1ccc(NC()C,0C4C839CE6E3B1-92FB02E422-N,CDK_P4,Series_14,367.1,2.23,2,2,68.1,8
CPD-00929,c1ccc(NC(=O)c2ccc)))N,7F64D1E562AC18-4DA82D08BD-N,KRAS_P1,Series_5,488.6,3.66,0,8,68.6,4
CPD-00930,c1ccc(-c2nccn2)cc1)F,ADA295CBF52C0A-F26E84A596-N,CDK_P4,Series_14,323.7,3.37,2,3,73.3,9
CPD-00931,c1ccc(-c2nccn2)cc1))Cl,50F86EC7962C17-E22D793800-N,EGFR_P3,Series_18,426.7,3.24,2,4,127.8,2
CPD-00932,CCOc1ccc(NC(=O))))C,A7236FFB85535A-7A384BE0BE-N,CDK_P4,Series_18,519.3,3.77,3,3,69.9,10
CPD-00933,O=C(Nc1ccccc1))))O,5B3C88D6C4B394-FDEFB3373B-N,CDK_P4,Series_14,397.2,2.72,4,2,75.7,8
CPD-00934,c1ccncc1NC(=O)))Cl,948E3DACDE40FE-00D4217DB5-N,CDK_P4,Series_2,465.7,1.43,2,5,129.1,2
CPD-00935,c1ccc(NC(=O)c2ccc))F,5E81E87DA78AA5-0424DC5E71-N,EGFR_P3,Series_8,569.0,2.17,1,3,95.0,9
CPD-00936,CCOc1ccc(NC(=O))))O,9EF6604505DB82-3FE29E2BCA-N,JAK2_P2,Series_3,534.5,4.85,1,5,85.6,2
CPD-00937,c1ccncc1NC(=O)))N,FED279A8DFF79E-AF6AAFF2A4-N,JAK2_P2,Series_8,353.8,3.16,4,3,76.9,7
CPD-00938,c1ccncc1NC(=O))))F,E212B11A90D5A8-1F62D3C1A4-N,EGFR_P3,Series_7,438.4,1.45,1,2,66.9,5
CPD-00939,c1ccncc1NC(=O)))O,FD5B9418C774F5-1274624E78-N,CDK_P4,Series_1,598.0,4.26,3,1,70.6,2
CPD-00940,c1ccc(NC(=O)c2ccc)))C,B9B8F8CFAE0A0C-54D904C899-N,KRAS_P1,Series_13,406.4,2.13,3,8,99.4,2
CPD-00941,COc1ccc(CC(=O)Nc2))C,AC3B02F5FFF808-D7624E4633-N,JAK2_P2,Series_4,194.6,3.31,1,8,63.4,4
CPD-00942,c1ccc2c(c1)cc())O,3C088C47266D3D-B5E0C5B672-N,EGFR_P3,Series_9,597.1,3.15,4,5,99.6,6
CPD-00943,CC(=O)Nc1ccc())N,0EECF3B272A73C-4DCFFCA459-N,JAK2_P2,Series_16,464.4,2.78,0,5,89.6,4
CPD-00944,c1ccc(NC(=O)c2ccc)))F,4729F9803E73EF-1BC986ADE4-N,EGFR_P3,Series_14,407.3,1.17,4,7,105.5,8
CPD-00945,CC(=O)Nc1ccc()))O,0130FA846BB02D-2E54C5C1AB-N,JAK2_P2,Series_12,314.7,2.8,1,5,111.0,6
CPD-00946,c1ccc2c(c1)cc()Cl,C80E2AA6E940C4-2BBD8081C9-N,KRAS_P1,Series_5,289.2,3.78,4,6,81.9,8
CPD-00947,Clc1ccc(NC())C,0AEA8A3F487DAC-06EDDCEB2C-N,KRAS_P1,Series_19,405.6,2.12,2,4,138.7,8
CPD-00948,c1ccc(NC(=O)c2ccc)))F,4729F9803E73EF-BED23E655B-N,EGFR_P3,Series_2,550.2,2.6,1,3,66.1,9
CPD-00949,c1ccc(-c2nccn2)cc1)))F,F07680F8149532-44369F437A-N,CDK_P4,Series_9,464.3,3.7,1,6,64.8,10
CPD-00950,c1ccc2c(c1)cc())Cl,9CA0272F79B35C-7B65B74EAA-N,JAK2_P2,Series_13,362.6,4.91,2,2,78.2,9
CPD-00951,c1ccc(NC(=O)c2ccc)))F,4729F9803E73EF-1F3A8E530E-N,CDK_P4,Series_14,423.8,2.65,0,1,144.0,4
CPD-00952,COc1ccc(CC(=O)Nc2))N,4C5BE405067C48-E5DE759531-N,CDK_P4,Series_9,374.7,3.35,1,6,99.1,9
CPD-00953,COc1ccc(CC(=O)Nc2)))F,F917FA2E2BAAB0-B20728436D-N,JAK2_P2,Series_8,381.3,4.69,4,7,151.0,5
CPD-00954,CCOc1ccc(NC(=O)))Cl,3E012A4DBF289B-F804881281-N,JAK2_P2,Series_14,408.4,2.41,1,8,84.6,4
CPD-00955,c1ccc(-c2nccn2)cc1)O,2EA3616B2CF5C5-0DF6C8FEA4-N,KRAS_P1,Series_4,556.9,2.17,1,1,98.8,8
CPD-00956,c1ccncc1NC(=O)))O,FD5B9418C774F5-4C9CC377A0-N,JAK2_P2,Series_17,316.0,3.13,1,3,65.4,6
CPD-00957,CCOc1ccc(NC(=O))))Cl,808E6215548EDF-81957EF513-N,CDK_P4,Series_20,388.7,2.74,4,6,146.4,7
CPD-00958,O=C(Nc1ccccc1))C,45A968528AB610-B65708DB11-N,EGFR_P3,Series_9,474.0,2.12,1,1,101.0,5
CPD-00959,Fc1ccc(NC(=O)c2))C,17AFFFD91BDA28-643D1D2990-N,JAK2_P2,Series_14,438.9,4.71,2,6,115.6,2
CPD-00960,c1ccc(NC(=O)c2ccc)))C,B9B8F8CFAE0A0C-9B4C658753-N,CDK_P4,Series_11,466.9,3.94,0,6,100.3,5
CPD-00961,c1ccc(-c2nccn2)cc1)))N,4BC3A60CCADB56-F438D178AD-N,KRAS_P1,Series_6,540.4,2.75,4,3,32.8,2
CPD-00962,COc1ccc(CC(=O)Nc2)Cl,5FD3061DF1F11A-018F470151-N,EGFR_P3,Series_18,498.1,3.57,3,2,92.6,6
CPD-00963,Fc1ccc(NC(=O)c2))C,17AFFFD91BDA28-A67CF44298-N,JAK2_P2,Series_20,474.6,2.32,1,2,63.1,9
CPD-00964,c1ccc(-c2nccn2)cc1))F,8948A311DBB467-74B3A6F4A9-N,KRAS_P1,Series_14,526.4,3.18,0,7,157.7,2
CPD-00965,CCOc1ccc(NC(=O))F,A85C21D9E8EE7A-BD38E896DE-N,EGFR_P3,Series_11,407.3,0.94,0,5,67.6,2
CPD-00966,COc1ccc(CC(=O)Nc2))N,4C5BE405067C48-4BD140BF82-N,CDK_P4,Series_1,475.8,5.68,2,6,92.8,8
CPD-00967,c1ccncc1NC(=O)))F,1F858A27219DC5-33517F2C5F-N,CDK_P4,Series_3,566.0,5.18,1,7,42.2,6
CPD-00968,O=C(Nc1ccccc1))))O,5B3C88D6C4B394-B37EFFDF73-N,KRAS_P1,Series_1,403.5,3.21,0,3,129.7,3
CPD-00969,Fc1ccc(NC(=O)c2))C,17AFFFD91BDA28-2D00A5B413-N,KRAS_P1,Series_5,349.4,-0.34,1,3,120.1,2
CPD-00970,Clc1ccc(NC()C,0C4C839CE6E3B1-BF87BB5A22-N,KRAS_P1,Series_15,411.3,1.77,3,2,99.0,10
CPD-00971,COc1ccc(CC(=O)Nc2)C,A5F4B2839FCC10-3358977234-N,CDK_P4,Series_4,327.6,0.94,1,3,87.3,4
CPD-00972,CCOc1ccc(NC(=O))N,EB40A4DBB7C38C-70648F18D6-N,KRAS_P1,Series_13,417.1,3.77,3,8,33.4,7
CPD-00973,c1ccc2c(c1)cc()))F,0524017DEBA59F-0531A2C361-N,KRAS_P1,Series_6,502.3,-0.05,4,6,122.1,8
CPD-00974,c1ccc2c(c1)cc()))N,18E7AC707AD6F1-01BA49EFA9-N,JAK2_P2,Series_3,386.0,2.65,2,6,28.9,8
CPD-00975,c1ccc(NC(=O)c2ccc))F,5E81E87DA78AA5-D1A87D81E1-N,EGFR_P3,Series_16,367.0,-0.46,3,1,118.7,6
CPD-00976,c1ccc(NC(=O)c2ccc)))O,9260351F124761-7BFB2B23F0-N,KRAS_P1,Series_1,326.5,2.34,2,7,92.4,2
CPD-00977,O=C(Nc1ccccc1))N,A1A1BB6759BEB2-AD2583F7C4-N,KRAS_P1,Series_2,443.5,4.01,0,3,99.4,9
CPD-00978,O=C(Nc1ccccc1))N,A1A1BB6759BEB2-53D83DC86F-N,CDK_P4,Series_2,452.9,2.93,2,4,66.9,2
CPD-00979,Clc1ccc(NC())N,7B7D1A756B2C53-B059031E24-N,EGFR_P3,Series_20,418.9,0.86,1,1,138.4,3
CPD-00980,c1ccncc1NC(=O)))C,57417E161A7B79-E82B95E21B-N,KRAS_P1,Series_12,331.1,4.3,2,8,88.3,8
CPD-00981,O=C(Nc1ccccc1))C,45A968528AB610-D71056A32E-N,KRAS_P1,Series_17,417.0,1.69,3,8,91.1,5
CPD-00982,Clc1ccc(NC()C,0C4C839CE6E3B1-3451704D96-N,EGFR_P3,Series_16,374.5,2.46,0,4,51.7,7
CPD-00983,c1ccc2c(c1)cc()F,4F866AD358CDDF-1CEF923D4A-N,EGFR_P3,Series_14,577.9,4.08,3,4,111.1,4
CPD-00984,Clc1ccc(NC()C,0C4C839CE6E3B1-B722A8CC36-N,JAK2_P2,Series_5,459.1,2.74,2,1,66.2,9
CPD-00985,COc1ccc(CC(=O)Nc2)N,16207FCAC6E87F-C28A436F36-N,JAK2_P2,Series_11,491.2,4.35,2,2,62.1,8
CPD-00986,c1ccc(NC(=O)c2ccc)N,B5BB421E1EF7B3-ED6B044AA4-N,JAK2_P2,Series_3,398.7,1.43,3,4,87.9,9
CPD-00987,c1ccc(-c2nccn2)cc1))N,FA595277B9F5EF-6337C86911-N,KRAS_P1,Series_3,519.9,3.52,0,5,110.8,8
CPD-00988,c1ccc(-c2nccn2)cc1)O,2EA3616B2CF5C5-493A0ADA1C-N,EGFR_P3,Series_9,483.7,2.19,2,2,84.1,10
CPD-00989,CCOc1ccc(NC(=O)))O,020880975A70A1-2CEA6C45CA-N,JAK2_P2,Series_1,468.6,2.07,4,2,97.8,5
CPD-00990,c1ccc(-c2nccn2)cc1))O,AF4639009D114A-5E870F8F2D-N,JAK2_P2,Series_2,409.0,4.31,1,8,94.4,7
CPD-00991,CCOc1ccc(NC(=O)))F,5DBADFE3BE0BA9-240604FC6F-N,EGFR_P3,Series_11,460.5,3.5,3,6,99.9,9
CPD-00992,CCOc1ccc(NC(=O)))F,5DBADFE3BE0BA9-12433001E8-N,EGFR_P3,Series_16,317.6,2.79,4,4,94.7,7
CPD-00993,Clc1ccc(NC()))N,0C26224B73D397-15DC044C97-N,EGFR_P3,Series_17,432.2,4.92,1,7,69.1,7
CPD-00994,c1ccc(NC(=O)c2ccc))Cl,14746E3A2C535D-2D6AF5275C-N,CDK_P4,Series_5,404.3,2.07,3,6,57.9,5
CPD-00995,c1ccncc1NC(=O)))F,1F858A27219DC5-4482626986-N,KRAS_P1,Series_5,524.9,2.25,3,5,86.3,8
CPD-00996,c1ccncc1NC(=O))))N,7BA71F31068A07-212392D357-N,KRAS_P1,Series_13,455.6,3.5,2,2,114.2,4
CPD-00997,Clc1ccc(NC()))C,2A97B62AD0470E-FA5F4426BB-N,CDK_P4,Series_8,402.2,1.55,1,7,123.7,7
CPD-00998,CCOc1ccc(NC(=O))O,648F193C997183-3263D0B2B1-N,JAK2_P2,Series_17,424.8,0.47,3,7,31.1,9
CPD-00999,c1ccc2c(c1)cc()F,4F866AD358CDDF-1CA2958DCF-N,EGFR_P3,Series_19,400.9,2.73,3,7,94.3,9
CPD-01000,O=C(Nc1ccccc1))O,3867CEE9ED3FB6-2A0F5FC10F-N,KRAS_P1,Series_1,449.5,5.27,2,7,62.3,3
