patient_id,age,sex,smoking_status,stage,kras_mutation,stk11_status,pd_l1_tps,treatment_arm,response_group,pfs_months,pfs_event,prior_lines
PT-0001,51,M,Former,IIIB,G12V,Mutant,11,Sotorasib,PD,3.0,1,0
PT-0002,79,F,Never,IV,G12C,Mutant,97,Sotorasib,SD,8.2,1,0
PT-0003,69,M,Former,IV,G12V,WT,5,Combo,PR,13.3,1,3
PT-0004,69,M,Former,IV,G12D,Mutant,90,Sotorasib,PD,4.5,1,0
PT-0005,51,F,Former,IV,G12C,Mutant,47,Chemo,PD,4.8,1,1
PT-0006,49,M,Former,IIIB,G12C,Mutant,59,Combo,PD,2.8,1,1
PT-0007,59,M,Current,IV,G12C,WT,8,Chemo,PD,3.9,1,0
PT-0008,74,M,Former,IIIB,WT,WT,95,Combo,PR,6.8,0,2
PT-0009,76,M,Current,IIIB,G12D,Mutant,80,Control,SD,8.1,1,0
PT-0010,69,F,Former,IV,G13D,WT,70,Control,PD,3.0,1,0
PT-0011,66,M,Former,IIIB,G12V,WT,0,Sotorasib,PD,2.3,1,3
PT-0012,56,M,Current,IV,WT,Mutant,19,Combo,PD,2.8,1,1
PT-0013,68,F,Never,IIIB,G13D,Mutant,10,Sotorasib,PD,2.6,1,3
PT-0014,79,M,Never,IV,G12D,Mutant,33,Sotorasib,PD,3.0,1,2
PT-0015,57,F,Former,IV,WT,WT,66,Control,PD,4.4,1,1
PT-0016,80,M,Former,IIIB,G12C,Mutant,90,Chemo,PR,9.4,1,3
PT-0017,60,F,Former,IIIB,G12C,Mutant,92,Sotorasib,PD,3.2,1,2
PT-0018,71,M,Never,IV,G12V,WT,54,Chemo,PD,2.7,1,1
PT-0019,70,F,Current,IIIB,G12D,Mutant,24,Sotorasib,PD,3.4,1,0
PT-0020,62,F,Never,IIIB,G12D,WT,70,Chemo,SD,6.9,1,0
PT-0021,55,F,Former,IIIB,G12C,WT,7,Sotorasib,PD,4.6,1,0
PT-0022,74,F,Former,IV,G12D,Mutant,24,Control,SD,5.2,1,1
PT-0023,48,M,Former,IIIB,G12C,Mutant,65,Sotorasib,SD,3.6,1,0
PT-0024,60,F,Never,IIIB,WT,Mutant,79,Sotorasib,PD,2.6,1,0
PT-0025,60,F,Former,IV,G12D,WT,40,Combo,PD,3.4,1,0
PT-0026,61,M,Current,IIIB,G12C,Mutant,47,Sotorasib,CR,26.2,1,1
PT-0027,45,F,Current,IIIB,G12C,Mutant,33,Combo,SD,10.0,1,0
PT-0028,58,F,Never,IV,WT,WT,32,Chemo,SD,6.8,1,0
PT-0029,53,F,Never,IV,G12C,WT,71,Control,PD,3.8,1,0
PT-0030,68,M,Former,IIIB,G12C,WT,46,Chemo,PD,3.2,1,0
PT-0031,80,F,Current,IIIB,WT,Mutant,20,Chemo,PD,2.6,1,0
PT-0032,71,M,Former,IIIB,WT,WT,4,Sotorasib,PR,9.1,0,1
PT-0033,59,M,Former,IV,G12C,WT,35,Control,SD,8.8,1,0
PT-0034,77,F,Former,IV,WT,Mutant,14,Combo,SD,3.2,1,1
PT-0035,72,M,Former,IIIB,G12C,WT,5,Combo,CR,13.9,0,3
PT-0036,49,F,Former,IIIB,G12D,WT,64,Chemo,SD,5.9,1,1
PT-0037,71,F,Former,IIIB,G12V,WT,51,Combo,SD,6.7,1,2
PT-0038,82,F,Former,IV,WT,Mutant,65,Combo,PR,13.8,0,1
PT-0039,66,M,Current,IIIB,G13D,WT,28,Chemo,PD,2.7,1,0
PT-0040,49,F,Former,IIIB,G12C,WT,63,Sotorasib,PR,17.2,0,1
PT-0041,72,M,Never,IV,G12C,Mutant,71,Sotorasib,PD,4.2,1,0
PT-0042,74,F,Current,IV,WT,WT,70,Sotorasib,SD,3.6,1,1
PT-0043,62,F,Former,IV,WT,WT,9,Control,SD,7.0,1,3
PT-0044,50,M,Never,IV,G12C,Mutant,90,Combo,PR,5.1,0,0
PT-0045,71,F,Current,IIIB,G12C,WT,61,Control,SD,6.3,1,0
PT-0046,71,M,Former,IV,WT,WT,62,Combo,PD,3.1,1,0
PT-0047,79,M,Current,IIIB,G12D,Mutant,82,Control,PD,4.1,1,1
PT-0048,65,M,Former,IV,G12C,WT,35,Control,PR,5.2,1,1
PT-0049,67,M,Former,IIIB,G12C,Mutant,31,Sotorasib,SD,7.0,1,0
PT-0050,75,M,Former,IIIB,WT,WT,89,Chemo,SD,6.3,1,1
PT-0051,55,F,Never,IIIB,G13D,WT,73,Chemo,PD,4.4,1,3
PT-0052,57,M,Former,IIIB,WT,Mutant,89,Control,SD,6.2,1,1
PT-0053,79,F,Former,IIIB,WT,WT,1,Sotorasib,PD,2.8,1,1
PT-0054,68,F,Current,IV,WT,Mutant,93,Sotorasib,SD,6.8,1,2
PT-0055,74,F,Current,IV,WT,WT,31,Combo,SD,10.2,1,0
PT-0056,74,F,Former,IV,G12C,WT,23,Control,SD,5.2,1,1
PT-0057,45,M,Never,IV,G12C,WT,71,Combo,PR,16.1,1,0
PT-0058,46,M,Former,IV,G12V,Mutant,39,Control,SD,4.8,1,3
PT-0059,80,F,Former,IV,G12V,WT,39,Control,PD,1.3,1,1
PT-0060,79,M,Never,IV,G12C,WT,92,Chemo,SD,12.9,1,2
PT-0061,68,M,Former,IIIB,WT,WT,5,Combo,PD,3.4,1,0
PT-0062,76,M,Current,IV,G12V,WT,61,Chemo,PD,2.3,1,1
PT-0063,76,M,Former,IIIB,G12C,Mutant,19,Sotorasib,PR,13.1,1,2
PT-0064,52,F,Former,IIIB,WT,WT,57,Sotorasib,PD,2.7,1,1
PT-0065,51,M,Former,IV,G12C,Mutant,20,Control,SD,4.9,1,0
PT-0066,75,F,Never,IV,G12C,WT,89,Sotorasib,PR,8.6,0,1
PT-0067,57,F,Never,IIIB,G12C,Mutant,34,Chemo,PD,3.3,1,0
PT-0068,81,F,Former,IV,G12C,WT,89,Chemo,PD,1.8,1,1
PT-0069,65,F,Never,IIIB,WT,Mutant,97,Control,SD,3.4,1,3
PT-0070,56,F,Former,IV,WT,WT,23,Sotorasib,PD,1.9,1,2
PT-0071,65,M,Current,IV,G12D,WT,88,Control,PD,2.1,1,1
PT-0072,80,M,Former,IV,G12C,WT,41,Control,PD,3.2,1,0
PT-0073,79,F,Former,IIIB,WT,WT,79,Control,PD,3.0,1,1
PT-0074,80,M,Current,IV,G12V,WT,15,Sotorasib,SD,6.9,1,0
PT-0075,71,M,Never,IIIB,WT,WT,15,Chemo,PD,2.9,1,3
PT-0076,63,F,Former,IV,WT,WT,31,Control,PD,3.1,1,1
PT-0077,49,F,Current,IV,G12V,WT,100,Control,PR,7.2,1,2
PT-0078,82,F,Current,IV,G12C,WT,44,Sotorasib,PR,8.5,1,1
PT-0079,60,F,Never,IV,G12V,Mutant,40,Control,SD,6.4,1,3
PT-0080,54,F,Current,IIIB,G12D,WT,12,Control,SD,8.2,1,1
PT-0081,49,F,Current,IV,G12C,WT,79,Control,CR,24.7,0,3
PT-0082,79,F,Current,IV,G12D,Mutant,79,Sotorasib,PD,4.4,1,0
PT-0083,51,M,Former,IV,G12C,Mutant,5,Combo,PD,3.0,1,1
PT-0084,72,M,Never,IV,G13D,Mutant,21,Combo,SD,4.8,1,0
PT-0085,54,M,Former,IV,G12C,WT,32,Control,PD,3.1,1,3
PT-0086,79,M,Never,IV,G12C,WT,81,Control,PD,5.0,1,1
PT-0087,75,M,Never,IV,G12V,WT,89,Control,PD,3.3,1,1
PT-0088,81,M,Current,IV,G12C,WT,99,Control,SD,9.0,1,0
PT-0089,53,M,Current,IIIB,G12V,WT,100,Combo,PR,13.0,0,1
PT-0090,50,F,Former,IV,G12C,Mutant,25,Combo,PD,3.6,1,0
PT-0091,61,F,Current,IV,G13D,WT,14,Combo,SD,10.4,1,1
PT-0092,59,F,Current,IV,WT,Mutant,50,Chemo,PD,2.1,1,0
PT-0093,82,F,Current,IV,G12C,Mutant,86,Sotorasib,SD,5.5,1,0
PT-0094,59,M,Former,IV,G12D,WT,83,Combo,PD,1.8,1,1
PT-0095,51,M,Current,IIIB,G12C,WT,58,Sotorasib,PD,2.6,1,1
PT-0096,54,F,Former,IV,G12V,WT,35,Control,PD,4.0,1,0
PT-0097,51,F,Former,IV,G12V,Mutant,50,Chemo,SD,10.9,1,1
PT-0098,74,M,Former,IIIB,G12C,Mutant,100,Sotorasib,PD,2.5,1,1
PT-0099,80,M,Former,IIIB,G12C,WT,99,Chemo,PD,3.5,1,0
PT-0100,54,M,Former,IIIB,G13D,Mutant,84,Sotorasib,SD,10.8,1,0
PT-0101,56,F,Never,IV,G12C,Mutant,95,Combo,PD,3.1,1,0
PT-0102,51,F,Former,IIIB,G12D,WT,58,Combo,SD,8.9,1,3
PT-0103,51,F,Current,IV,WT,Mutant,10,Sotorasib,PD,3.5,1,1
PT-0104,82,F,Former,IV,G12V,WT,64,Sotorasib,PR,8.9,0,2
PT-0105,58,F,Former,IIIB,G12D,WT,43,Sotorasib,PD,2.1,1,1
PT-0106,65,F,Former,IIIB,G12D,WT,8,Sotorasib,SD,4.1,1,0
PT-0107,53,M,Former,IV,WT,Mutant,52,Sotorasib,SD,6.9,1,1
PT-0108,48,F,Former,IV,WT,Mutant,73,Control,PD,2.1,1,2
PT-0109,68,M,Current,IIIB,G12C,WT,71,Control,SD,10.2,1,2
PT-0110,62,M,Never,IV,G12V,WT,44,Sotorasib,PD,4.1,1,0
PT-0111,46,M,Current,IIIB,G12C,WT,53,Chemo,PD,2.6,1,1
PT-0112,81,M,Current,IIIB,G12C,Mutant,96,Combo,PR,13.2,0,2
PT-0113,62,M,Current,IIIB,G12C,WT,55,Sotorasib,PR,9.8,0,0
PT-0114,64,M,Never,IIIB,G12C,Mutant,26,Control,PD,2.1,1,1
PT-0115,76,F,Never,IV,WT,Mutant,64,Chemo,PD,2.9,1,2
PT-0116,47,F,Never,IIIB,WT,WT,73,Combo,CR,20.6,0,1
PT-0117,55,F,Current,IV,G12V,Mutant,55,Control,SD,2.5,1,0
PT-0118,70,F,Current,IIIB,G12C,WT,99,Control,PD,4.3,1,0
PT-0119,67,M,Never,IIIB,G12C,WT,25,Sotorasib,SD,8.3,1,0
PT-0120,76,F,Current,IV,G12V,WT,80,Sotorasib,PR,17.8,0,1
PT-0121,82,M,Former,IIIB,G12C,WT,59,Sotorasib,SD,4.5,1,1
PT-0122,49,M,Former,IV,G12C,WT,74,Combo,PD,1.8,1,2
PT-0123,65,F,Former,IIIB,WT,WT,13,Sotorasib,SD,8.1,1,1
PT-0124,56,M,Never,IV,WT,WT,67,Sotorasib,PD,1.8,1,2
PT-0125,66,M,Current,IV,G12V,Mutant,42,Combo,SD,6.6,1,0
PT-0126,54,F,Never,IIIB,G12V,WT,39,Control,SD,9.1,1,3
PT-0127,66,M,Former,IIIB,G12V,WT,65,Control,PR,11.6,0,1
PT-0128,76,M,Never,IIIB,G12C,Mutant,9,Combo,PR,10.5,1,1
PT-0129,78,M,Former,IIIB,WT,WT,19,Sotorasib,PD,1.6,1,0
PT-0130,47,F,Former,IIIB,G12C,WT,78,Chemo,PD,2.6,1,1
PT-0131,75,M,Former,IV,G13D,WT,98,Control,SD,7.4,1,1
PT-0132,57,M,Current,IIIB,G13D,WT,47,Control,PD,5.3,1,2
PT-0133,77,M,Current,IIIB,WT,Mutant,57,Sotorasib,SD,7.1,1,1
PT-0134,60,F,Current,IV,WT,Mutant,3,Control,PR,9.1,0,1
PT-0135,75,M,Current,IV,WT,WT,78,Combo,PD,3.5,1,0
PT-0136,54,F,Never,IV,WT,Mutant,38,Sotorasib,SD,8.3,1,0
PT-0137,76,M,Former,IIIB,G12C,Mutant,37,Control,PD,2.8,1,1
PT-0138,50,F,Never,IIIB,G12C,WT,60,Combo,PR,11.1,0,0
PT-0139,51,F,Never,IV,G12V,WT,82,Combo,PR,18.3,0,0
PT-0140,75,M,Current,IIIB,WT,WT,4,Control,PD,3.2,1,1
PT-0141,70,F,Former,IIIB,G12C,WT,45,Chemo,PD,2.7,1,0
PT-0142,72,F,Current,IV,WT,WT,23,Combo,PR,14.8,0,1
PT-0143,72,M,Former,IIIB,G12V,WT,41,Combo,PD,1.4,1,0
PT-0144,72,M,Former,IV,G12C,WT,5,Combo,PR,11.2,0,3
PT-0145,48,M,Former,IV,WT,WT,65,Combo,SD,4.2,1,3
PT-0146,73,M,Never,IIIB,G12V,WT,46,Sotorasib,PR,14.0,0,1
PT-0147,68,F,Current,IIIB,WT,WT,50,Sotorasib,PD,2.1,1,1
PT-0148,46,M,Former,IV,G12V,Mutant,33,Chemo,PD,1.0,1,1
PT-0149,76,M,Never,IIIB,G13D,WT,22,Chemo,PD,2.6,1,3
PT-0150,65,F,Current,IV,G12D,WT,20,Sotorasib,PD,5.0,1,3
PT-0151,57,M,Never,IV,G13D,Mutant,46,Chemo,PD,2.5,1,2
PT-0152,80,M,Former,IIIB,G12V,Mutant,39,Control,PD,3.0,1,1
PT-0153,49,M,Current,IIIB,WT,WT,59,Control,PD,3.2,1,3
PT-0154,80,M,Current,IIIB,G12D,WT,64,Chemo,PD,1.3,1,0
PT-0155,59,F,Current,IV,WT,Mutant,32,Chemo,SD,9.6,1,0
PT-0156,79,M,Former,IIIB,G12V,Mutant,21,Combo,PR,19.2,0,3
PT-0157,46,M,Never,IV,G12V,Mutant,98,Combo,PD,1.5,1,2
PT-0158,79,F,Former,IV,G12D,WT,31,Sotorasib,SD,5.5,1,3
PT-0159,58,F,Former,IV,G12D,WT,93,Control,PR,15.6,0,1
PT-0160,77,M,Former,IV,WT,Mutant,34,Chemo,PD,3.4,1,1
PT-0161,55,F,Current,IV,G12C,Mutant,97,Sotorasib,CR,28.2,0,0
PT-0162,64,F,Never,IV,G12D,WT,30,Control,SD,5.6,1,0
PT-0163,75,F,Former,IIIB,G12V,WT,17,Sotorasib,PR,4.6,0,1
PT-0164,70,M,Former,IIIB,G13D,WT,70,Control,SD,7.1,1,1
PT-0165,52,M,Current,IV,G12C,WT,43,Control,PD,2.5,1,2
PT-0166,77,M,Never,IIIB,WT,WT,60,Chemo,PR,22.6,0,2
PT-0167,64,F,Former,IV,G12D,WT,60,Chemo,SD,6.1,1,0
PT-0168,82,F,Current,IIIB,G12D,WT,33,Sotorasib,PD,2.7,1,3
PT-0169,69,M,Current,IIIB,G13D,Mutant,73,Chemo,PD,2.5,1,3
PT-0170,71,M,Former,IV,G12C,Mutant,90,Sotorasib,PR,10.9,0,0
PT-0171,56,F,Current,IV,G12D,WT,86,Combo,PD,2.1,1,3
PT-0172,57,M,Former,IV,G12V,Mutant,38,Combo,SD,7.3,1,1
PT-0173,62,F,Never,IV,G13D,WT,44,Control,SD,4.2,1,0
PT-0174,50,F,Current,IV,G12C,WT,27,Combo,PD,4.7,1,0
PT-0175,82,M,Never,IIIB,WT,Mutant,6,Combo,PD,2.8,1,0
PT-0176,45,M,Former,IV,G12D,WT,83,Control,PR,10.2,0,0
PT-0177,81,M,Former,IIIB,G13D,Mutant,53,Combo,PR,7.2,1,0
PT-0178,70,F,Never,IV,WT,Mutant,1,Sotorasib,PD,1.4,1,1
PT-0179,79,F,Current,IIIB,G12V,WT,34,Sotorasib,PD,2.5,1,0
PT-0180,61,M,Never,IV,WT,WT,72,Combo,PR,15.4,0,3
PT-0181,72,F,Never,IIIB,G13D,Mutant,17,Chemo,PD,2.4,1,1
PT-0182,73,F,Current,IV,G12C,Mutant,33,Chemo,CR,13.8,0,3
PT-0183,77,F,Former,IV,G12D,WT,78,Chemo,PR,14.3,0,0
PT-0184,74,F,Former,IV,G12C,Mutant,97,Chemo,SD,8.2,1,0
PT-0185,81,M,Never,IIIB,G12V,Mutant,21,Sotorasib,PD,2.2,1,1
PT-0186,82,F,Never,IV,WT,Mutant,58,Control,PR,11.4,1,0
PT-0187,64,M,Former,IIIB,G12D,Mutant,74,Control,PD,1.7,1,0
PT-0188,79,M,Current,IIIB,G12C,WT,4,Combo,PD,2.5,1,1
PT-0189,71,F,Current,IV,G12D,WT,48,Chemo,PD,4.3,1,1
PT-0190,67,M,Never,IV,G12C,Mutant,93,Chemo,PD,2.8,1,0
PT-0191,72,F,Current,IIIB,WT,WT,44,Sotorasib,PD,1.6,1,0
PT-0192,46,M,Never,IIIB,G12C,Mutant,57,Sotorasib,CR,20.0,0,2
PT-0193,79,M,Current,IIIB,G12V,Mutant,64,Sotorasib,SD,9.2,1,1
PT-0194,65,M,Former,IIIB,G12C,Mutant,52,Combo,SD,7.6,1,1
PT-0195,67,F,Current,IV,G12C,WT,52,Chemo,PD,2.1,1,0
PT-0196,75,M,Current,IV,G12C,Mutant,59,Chemo,PD,3.5,1,0
PT-0197,58,F,Former,IV,G12V,WT,11,Control,PD,3.4,1,2
PT-0198,47,M,Never,IIIB,G13D,WT,26,Chemo,PR,14.0,0,1
PT-0199,75,M,Former,IIIB,G12C,WT,30,Sotorasib,PR,14.2,0,2
PT-0200,79,F,Former,IV,G12C,WT,59,Combo,SD,10.2,1,0
