nct_id,brief_title,overall_status,phase,start_date,sponsor,condition,intervention,enrollment
NCT93192897,Sotorasib in KRAS G12C Mutant: Phase 2 Study,Completed,Phase 3,2023-04-06,Sanofi,Solid Tumors,Sotorasib,341
NCT42753920,GDC-6036 in KRAS G12C Mutant: Phase 2 Study,Terminated,Phase 1/2,2021-08-08,Mirati,Colorectal Cancer,Docetaxel,463
NCT69721462,SHP2i in Colorectal Cancer: Phase 2 Study,Terminated,Phase 2/3,2023-07-23,Merck,Advanced NSCLC,JDQ443,436
NCT63554204,Pembrolizumab in Solid Tumors: Phase 1 Study,Completed,Phase 1/2,2024-09-18,AstraZeneca,KRAS G12C Mutant,Carboplatin,209
NCT19209095,Docetaxel in Solid Tumors: Phase 3 Study,Terminated,Phase 2/3,2022-11-02,Mirati,Pancreatic Cancer,Carboplatin,410
NCT97047980,Docetaxel in Pancreatic Cancer: Phase 1 Study,"Active, not recruiting",Phase 1,2020-05-22,Eli Lilly,Colorectal Cancer,Divarasib,157
NCT14225333,RMC-6236 in Advanced NSCLC: Phase 3 Study,Recruiting,Phase 2/3,2023-08-19,Roche,Pancreatic Cancer,Adagrasib,342
NCT69827659,Divarasib in Pancreatic Cancer: Phase 3 Study,Completed,Phase 1/2,2020-08-29,Revolution Medicines,KRAS G12C Mutant,GDC-6036,133
NCT71935722,Adagrasib in Pancreatic Cancer: Phase 2 Study,Completed,Phase 1,2021-10-12,Roche,Pancreatic Cancer,Adagrasib,294
NCT29528160,Adagrasib in KRAS G12C Mutant: Phase 2 Study,Completed,Phase 2/3,2023-04-19,Eli Lilly,Pancreatic Cancer,Carboplatin,360
NCT30056322,Adagrasib in Pancreatic Cancer: Phase 1 Study,Terminated,Phase 2,2023-09-09,Bristol-Myers Squibb,Advanced NSCLC,Sotorasib,362
NCT87784809,Sotorasib in Advanced NSCLC: Phase 3 Study,"Active, not recruiting",Phase 2/3,2024-03-19,AstraZeneca,Colorectal Cancer,JDQ443,62
NCT86518316,Divarasib in Colorectal Cancer: Phase 1 Study,Completed,Phase 2/3,2023-06-27,Mirati,Solid Tumors,Sotorasib,297
NCT43866483,Carboplatin in Pancreatic Cancer: Phase 3 Study,Terminated,Phase 1/2,2020-05-18,Merck,Colorectal Cancer,Carboplatin,126
NCT28245953,Carboplatin in Non-Small Cell Lung Cancer: Phase 3 Study,Recruiting,Phase 2,2021-07-28,Bristol-Myers Squibb,KRAS G12C Mutant,Pembrolizumab,132
NCT29725647,Pembrolizumab in Non-Small Cell Lung Cancer: Phase 1 Study,Recruiting,Phase 3,2020-02-19,Eli Lilly,Pancreatic Cancer,JDQ443,357
NCT89501774,Carboplatin in Colorectal Cancer: Phase 2 Study,Completed,Phase 3,2020-12-30,Eli Lilly,Advanced NSCLC,Adagrasib,308
NCT35362001,Pembrolizumab in Non-Small Cell Lung Cancer: Phase 1 Study,Completed,Phase 3,2020-05-10,Bristol-Myers Squibb,Advanced NSCLC,Docetaxel,434
NCT71348747,RMC-6236 in KRAS G12C Mutant: Phase 1 Study,Recruiting,Phase 1/2,2023-01-04,Eli Lilly,Colorectal Cancer,Carboplatin,39
NCT18411350,Pembrolizumab in Solid Tumors: Phase 2 Study,Recruiting,Phase 2/3,2021-01-30,Mirati,Solid Tumors,Pembrolizumab,361
NCT52162547,RMC-6236 in Pancreatic Cancer: Phase 1 Study,Completed,Phase 3,2020-03-04,Eli Lilly,Pancreatic Cancer,Docetaxel,408
NCT48629780,Sotorasib in KRAS G12C Mutant: Phase 1 Study,Completed,Phase 2/3,2024-01-30,Merck,Pancreatic Cancer,Carboplatin,346
NCT32319811,Carboplatin in Solid Tumors: Phase 1 Study,Completed,Phase 2,2022-01-27,AstraZeneca,Advanced NSCLC,SHP2i,219
NCT36861436,RMC-6236 in Non-Small Cell Lung Cancer: Phase 3 Study,Recruiting,Phase 1,2020-03-27,Bristol-Myers Squibb,Advanced NSCLC,Docetaxel,497
NCT57066008,SHP2i in Non-Small Cell Lung Cancer: Phase 3 Study,Completed,Phase 1/2,2021-04-25,Revolution Medicines,Non-Small Cell Lung Cancer,JDQ443,465
NCT59120451,GDC-6036 in Colorectal Cancer: Phase 1 Study,"Active, not recruiting",Phase 1,2024-01-30,Bristol-Myers Squibb,Solid Tumors,Carboplatin,235
NCT72222055,Carboplatin in Non-Small Cell Lung Cancer: Phase 3 Study,Completed,Phase 1/2,2020-08-24,Merck,KRAS G12C Mutant,Carboplatin,189
NCT29065596,RMC-6236 in KRAS G12C Mutant: Phase 3 Study,Terminated,Phase 3,2020-11-20,Pfizer,Colorectal Cancer,Carboplatin,336
NCT91689893,Sotorasib in Pancreatic Cancer: Phase 3 Study,Terminated,Phase 1,2020-05-12,Revolution Medicines,Solid Tumors,Adagrasib,75
NCT64107635,GDC-6036 in Colorectal Cancer: Phase 1 Study,Recruiting,Phase 1,2021-11-07,Sanofi,KRAS G12C Mutant,RMC-6236,482
NCT27324998,Adagrasib in Solid Tumors: Phase 3 Study,Completed,Phase 3,2021-06-04,AstraZeneca,Advanced NSCLC,Adagrasib,289
NCT71462512,SHP2i in KRAS G12C Mutant: Phase 1 Study,"Active, not recruiting",Phase 3,2020-03-10,Eli Lilly,Colorectal Cancer,Carboplatin,249
NCT75387561,Sotorasib in Advanced NSCLC: Phase 2 Study,Terminated,Phase 1/2,2020-08-07,Merck,Advanced NSCLC,Docetaxel,275
NCT46281827,SHP2i in Pancreatic Cancer: Phase 1 Study,Completed,Phase 3,2023-01-03,Bristol-Myers Squibb,Advanced NSCLC,SHP2i,275
NCT54598482,SHP2i in Solid Tumors: Phase 1 Study,Terminated,Phase 1,2024-01-31,Mirati,Colorectal Cancer,Carboplatin,118
NCT56965098,SHP2i in Solid Tumors: Phase 3 Study,Terminated,Phase 2/3,2022-11-03,AstraZeneca,KRAS G12C Mutant,SHP2i,258
NCT36979106,JDQ443 in Non-Small Cell Lung Cancer: Phase 2 Study,Completed,Phase 2,2021-02-17,AstraZeneca,Non-Small Cell Lung Cancer,Sotorasib,461
NCT59778823,Divarasib in Non-Small Cell Lung Cancer: Phase 2 Study,Recruiting,Phase 1/2,2022-01-09,Eli Lilly,Advanced NSCLC,Carboplatin,292
NCT70304568,Pembrolizumab in Colorectal Cancer: Phase 2 Study,Terminated,Phase 1/2,2020-09-03,Roche,Advanced NSCLC,RMC-6236,170
NCT13004426,RMC-6236 in Colorectal Cancer: Phase 1 Study,"Active, not recruiting",Phase 3,2022-02-13,Mirati,Colorectal Cancer,RMC-6236,322
NCT86392527,Adagrasib in Non-Small Cell Lung Cancer: Phase 3 Study,Recruiting,Phase 2,2020-03-22,Revolution Medicines,KRAS G12C Mutant,Pembrolizumab,402
NCT72711582,Docetaxel in Colorectal Cancer: Phase 3 Study,Recruiting,Phase 2/3,2024-02-10,Sanofi,KRAS G12C Mutant,RMC-6236,121
NCT44685195,Adagrasib in KRAS G12C Mutant: Phase 3 Study,Recruiting,Phase 3,2024-11-15,AstraZeneca,Solid Tumors,Adagrasib,57
NCT48388004,Sotorasib in Pancreatic Cancer: Phase 3 Study,"Active, not recruiting",Phase 2/3,2020-02-17,Roche,Pancreatic Cancer,JDQ443,354
NCT87538349,Sotorasib in Solid Tumors: Phase 3 Study,Completed,Phase 2,2023-12-04,Merck,Colorectal Cancer,RMC-6236,119
NCT49767008,GDC-6036 in KRAS G12C Mutant: Phase 2 Study,"Active, not recruiting",Phase 3,2022-11-11,Mirati,KRAS G12C Mutant,JDQ443,189
NCT33095420,JDQ443 in Solid Tumors: Phase 2 Study,"Active, not recruiting",Phase 2,2023-07-19,Eli Lilly,Advanced NSCLC,SHP2i,323
NCT14168743,SHP2i in Pancreatic Cancer: Phase 3 Study,Recruiting,Phase 1,2024-04-14,Mirati,Solid Tumors,Docetaxel,358
NCT27021133,RMC-6236 in KRAS G12C Mutant: Phase 3 Study,Terminated,Phase 3,2024-04-17,Roche,Advanced NSCLC,Divarasib,153
NCT48667180,Sotorasib in Pancreatic Cancer: Phase 3 Study,"Active, not recruiting",Phase 3,2021-08-19,Revolution Medicines,Colorectal Cancer,Divarasib,244
NCT91223649,Sotorasib in Non-Small Cell Lung Cancer: Phase 2 Study,"Active, not recruiting",Phase 1,2022-04-18,Mirati,Pancreatic Cancer,Carboplatin,362
NCT12651444,Docetaxel in KRAS G12C Mutant: Phase 3 Study,Recruiting,Phase 3,2023-07-01,Mirati,Solid Tumors,JDQ443,366
NCT15873802,Adagrasib in Advanced NSCLC: Phase 3 Study,Terminated,Phase 2,2021-05-06,Sanofi,Non-Small Cell Lung Cancer,Divarasib,111
NCT49252296,SHP2i in Pancreatic Cancer: Phase 1 Study,Terminated,Phase 1/2,2020-12-12,Eli Lilly,Colorectal Cancer,Pembrolizumab,150
NCT84482449,Pembrolizumab in Solid Tumors: Phase 2 Study,Terminated,Phase 1,2022-10-04,Merck,Colorectal Cancer,Docetaxel,66
NCT28830974,Adagrasib in Pancreatic Cancer: Phase 3 Study,Terminated,Phase 2/3,2022-11-21,Mirati,Colorectal Cancer,Carboplatin,445
NCT35516850,JDQ443 in Non-Small Cell Lung Cancer: Phase 3 Study,Recruiting,Phase 1,2024-08-02,Amgen,Solid Tumors,Docetaxel,174
NCT21691340,GDC-6036 in Advanced NSCLC: Phase 3 Study,"Active, not recruiting",Phase 1/2,2020-02-12,Amgen,Colorectal Cancer,Adagrasib,36
NCT89349928,JDQ443 in Advanced NSCLC: Phase 3 Study,Terminated,Phase 1/2,2021-12-22,Roche,KRAS G12C Mutant,Sotorasib,485
NCT31529438,Sotorasib in Colorectal Cancer: Phase 2 Study,Completed,Phase 2,2023-10-17,Mirati,Solid Tumors,Sotorasib,292
NCT81402572,Pembrolizumab in KRAS G12C Mutant: Phase 1 Study,Recruiting,Phase 1/2,2024-07-14,Amgen,Pancreatic Cancer,RMC-6236,457
NCT46770597,RMC-6236 in Solid Tumors: Phase 1 Study,"Active, not recruiting",Phase 2/3,2020-05-25,Revolution Medicines,Non-Small Cell Lung Cancer,SHP2i,390
NCT83911787,GDC-6036 in Colorectal Cancer: Phase 2 Study,"Active, not recruiting",Phase 1/2,2024-09-20,Roche,Solid Tumors,SHP2i,141
NCT59717063,Docetaxel in Colorectal Cancer: Phase 3 Study,"Active, not recruiting",Phase 1/2,2020-07-11,AstraZeneca,Colorectal Cancer,SHP2i,232
NCT91350804,SHP2i in Non-Small Cell Lung Cancer: Phase 1 Study,Terminated,Phase 1/2,2023-04-11,Amgen,Non-Small Cell Lung Cancer,Docetaxel,212
NCT15398289,Carboplatin in Advanced NSCLC: Phase 2 Study,Terminated,Phase 3,2022-12-08,Bristol-Myers Squibb,Colorectal Cancer,Divarasib,165
NCT13745269,Divarasib in Solid Tumors: Phase 3 Study,Completed,Phase 1/2,2024-07-17,Sanofi,Non-Small Cell Lung Cancer,Adagrasib,442
NCT59300464,Divarasib in Advanced NSCLC: Phase 2 Study,Recruiting,Phase 1,2022-09-06,Bristol-Myers Squibb,Colorectal Cancer,Pembrolizumab,353
NCT77581325,Carboplatin in Non-Small Cell Lung Cancer: Phase 2 Study,"Active, not recruiting",Phase 2/3,2021-11-04,Roche,Pancreatic Cancer,JDQ443,170
NCT13283149,Carboplatin in Non-Small Cell Lung Cancer: Phase 2 Study,"Active, not recruiting",Phase 3,2022-08-28,Pfizer,Pancreatic Cancer,RMC-6236,415
NCT23155970,Sotorasib in Solid Tumors: Phase 3 Study,Recruiting,Phase 1/2,2022-10-30,Roche,Solid Tumors,Sotorasib,272
NCT34706710,Docetaxel in Advanced NSCLC: Phase 3 Study,Terminated,Phase 1,2020-05-08,AstraZeneca,Advanced NSCLC,Adagrasib,22
NCT71820903,Carboplatin in Colorectal Cancer: Phase 1 Study,Terminated,Phase 2,2020-02-08,Merck,Solid Tumors,SHP2i,79
NCT77571225,SHP2i in Solid Tumors: Phase 2 Study,Completed,Phase 1/2,2021-02-09,Mirati,Non-Small Cell Lung Cancer,Carboplatin,217
NCT61622667,GDC-6036 in Advanced NSCLC: Phase 1 Study,"Active, not recruiting",Phase 3,2022-02-10,Revolution Medicines,Non-Small Cell Lung Cancer,GDC-6036,158
NCT35778460,GDC-6036 in KRAS G12C Mutant: Phase 1 Study,"Active, not recruiting",Phase 1/2,2022-01-22,Pfizer,Non-Small Cell Lung Cancer,GDC-6036,157
NCT89506199,Docetaxel in KRAS G12C Mutant: Phase 1 Study,"Active, not recruiting",Phase 1/2,2022-07-19,Merck,Pancreatic Cancer,Sotorasib,192
NCT54639947,JDQ443 in KRAS G12C Mutant: Phase 2 Study,"Active, not recruiting",Phase 2,2022-03-24,Mirati,Pancreatic Cancer,GDC-6036,22
NCT92408599,RMC-6236 in Solid Tumors: Phase 3 Study,Terminated,Phase 2/3,2022-07-11,Revolution Medicines,Solid Tumors,RMC-6236,153
NCT15767476,Adagrasib in Pancreatic Cancer: Phase 2 Study,Terminated,Phase 3,2024-04-18,Mirati,Pancreatic Cancer,JDQ443,105
NCT38749883,Pembrolizumab in Advanced NSCLC: Phase 1 Study,Terminated,Phase 2/3,2020-07-15,Sanofi,Colorectal Cancer,Carboplatin,373
NCT61433185,SHP2i in Pancreatic Cancer: Phase 2 Study,"Active, not recruiting",Phase 1,2022-06-21,Bristol-Myers Squibb,Non-Small Cell Lung Cancer,RMC-6236,347
NCT64196433,Adagrasib in Colorectal Cancer: Phase 2 Study,Recruiting,Phase 2,2024-02-01,Sanofi,Non-Small Cell Lung Cancer,Carboplatin,127
NCT97325924,JDQ443 in Colorectal Cancer: Phase 2 Study,Recruiting,Phase 1,2023-02-24,Amgen,Pancreatic Cancer,JDQ443,52
NCT48946795,RMC-6236 in Colorectal Cancer: Phase 2 Study,Completed,Phase 1,2020-07-26,Eli Lilly,Advanced NSCLC,GDC-6036,160
NCT29368551,Sotorasib in Colorectal Cancer: Phase 3 Study,Terminated,Phase 3,2024-02-09,Merck,Non-Small Cell Lung Cancer,RMC-6236,382
NCT61969788,Divarasib in Advanced NSCLC: Phase 2 Study,Recruiting,Phase 3,2022-01-29,Bristol-Myers Squibb,Non-Small Cell Lung Cancer,Carboplatin,277
NCT45145055,GDC-6036 in Pancreatic Cancer: Phase 2 Study,"Active, not recruiting",Phase 1,2023-09-29,Bristol-Myers Squibb,Non-Small Cell Lung Cancer,Pembrolizumab,68
NCT37419522,RMC-6236 in Pancreatic Cancer: Phase 1 Study,Completed,Phase 1/2,2020-07-24,Merck,KRAS G12C Mutant,Pembrolizumab,439
NCT50035790,Sotorasib in Non-Small Cell Lung Cancer: Phase 3 Study,Recruiting,Phase 2/3,2023-08-10,Eli Lilly,KRAS G12C Mutant,JDQ443,93
NCT83576327,JDQ443 in Colorectal Cancer: Phase 2 Study,Recruiting,Phase 2/3,2021-01-02,Pfizer,Advanced NSCLC,Sotorasib,500
NCT92535902,Adagrasib in Non-Small Cell Lung Cancer: Phase 1 Study,Completed,Phase 1/2,2022-04-19,AstraZeneca,Colorectal Cancer,JDQ443,309
NCT45841600,Docetaxel in Solid Tumors: Phase 2 Study,"Active, not recruiting",Phase 2/3,2022-04-08,Eli Lilly,KRAS G12C Mutant,Docetaxel,105
NCT39904833,Sotorasib in Colorectal Cancer: Phase 1 Study,Completed,Phase 3,2021-06-12,AstraZeneca,Pancreatic Cancer,GDC-6036,139
NCT76443675,Docetaxel in KRAS G12C Mutant: Phase 2 Study,"Active, not recruiting",Phase 3,2022-03-13,Amgen,Solid Tumors,GDC-6036,341
NCT31414998,Carboplatin in Advanced NSCLC: Phase 1 Study,Recruiting,Phase 2,2022-01-22,Merck,KRAS G12C Mutant,GDC-6036,106
NCT82892924,Docetaxel in Advanced NSCLC: Phase 3 Study,"Active, not recruiting",Phase 3,2020-03-20,Merck,KRAS G12C Mutant,RMC-6236,369
NCT50340801,RMC-6236 in Advanced NSCLC: Phase 1 Study,"Active, not recruiting",Phase 2,2024-02-22,Amgen,Advanced NSCLC,Docetaxel,189
NCT24568234,JDQ443 in KRAS G12C Mutant: Phase 3 Study,"Active, not recruiting",Phase 1,2024-05-08,Pfizer,Advanced NSCLC,SHP2i,231
NCT63711517,JDQ443 in KRAS G12C Mutant: Phase 2 Study,"Active, not recruiting",Phase 3,2024-09-23,Merck,Non-Small Cell Lung Cancer,GDC-6036,342
NCT33120231,GDC-6036 in Solid Tumors: Phase 2 Study,Recruiting,Phase 3,2022-01-22,Eli Lilly,Colorectal Cancer,Sotorasib,101
NCT91303773,Sotorasib in Non-Small Cell Lung Cancer: Phase 3 Study,Terminated,Phase 2/3,2023-05-17,AstraZeneca,KRAS G12C Mutant,RMC-6236,72
NCT85876664,SHP2i in Solid Tumors: Phase 2 Study,"Active, not recruiting",Phase 2,2024-07-16,AstraZeneca,KRAS G12C Mutant,GDC-6036,247
NCT33027223,Carboplatin in Pancreatic Cancer: Phase 2 Study,Recruiting,Phase 1,2024-07-06,Bristol-Myers Squibb,Advanced NSCLC,GDC-6036,242
NCT59569677,Sotorasib in Solid Tumors: Phase 1 Study,Completed,Phase 1,2021-08-18,Pfizer,Colorectal Cancer,Sotorasib,434
NCT90295547,Adagrasib in Non-Small Cell Lung Cancer: Phase 3 Study,Recruiting,Phase 1,2023-06-11,Pfizer,Pancreatic Cancer,Sotorasib,415
NCT36818818,JDQ443 in Advanced NSCLC: Phase 2 Study,Recruiting,Phase 2,2022-11-26,Mirati,Advanced NSCLC,Divarasib,404
NCT85865268,JDQ443 in Colorectal Cancer: Phase 1 Study,Completed,Phase 3,2022-11-11,Revolution Medicines,Non-Small Cell Lung Cancer,JDQ443,154
NCT18484425,RMC-6236 in Advanced NSCLC: Phase 1 Study,Recruiting,Phase 3,2020-10-08,AstraZeneca,Non-Small Cell Lung Cancer,SHP2i,442
NCT77955659,SHP2i in Colorectal Cancer: Phase 3 Study,Recruiting,Phase 3,2024-04-19,Mirati,Solid Tumors,JDQ443,204
NCT30333292,Divarasib in Solid Tumors: Phase 2 Study,Recruiting,Phase 2/3,2021-10-25,Pfizer,Colorectal Cancer,JDQ443,330
NCT60525642,Docetaxel in Solid Tumors: Phase 1 Study,Completed,Phase 1/2,2021-06-15,Eli Lilly,KRAS G12C Mutant,JDQ443,202
NCT85405148,Pembrolizumab in Advanced NSCLC: Phase 3 Study,"Active, not recruiting",Phase 2/3,2021-06-02,Amgen,Pancreatic Cancer,Divarasib,202
NCT47358784,Carboplatin in Colorectal Cancer: Phase 1 Study,Completed,Phase 3,2022-04-05,Bristol-Myers Squibb,Advanced NSCLC,RMC-6236,292
NCT73550845,Sotorasib in Non-Small Cell Lung Cancer: Phase 2 Study,Recruiting,Phase 1,2021-05-20,Revolution Medicines,Colorectal Cancer,Docetaxel,214
NCT49563366,Divarasib in Pancreatic Cancer: Phase 1 Study,"Active, not recruiting",Phase 2/3,2022-01-18,Mirati,Colorectal Cancer,SHP2i,344
NCT32079820,Pembrolizumab in Solid Tumors: Phase 2 Study,Completed,Phase 2/3,2020-12-30,Pfizer,Advanced NSCLC,SHP2i,304
NCT21342454,RMC-6236 in Pancreatic Cancer: Phase 1 Study,Terminated,Phase 2/3,2023-04-09,Roche,Colorectal Cancer,SHP2i,287
NCT33689724,RMC-6236 in Pancreatic Cancer: Phase 3 Study,Completed,Phase 3,2021-08-17,Mirati,Non-Small Cell Lung Cancer,Docetaxel,319
NCT95565814,Divarasib in Colorectal Cancer: Phase 2 Study,Recruiting,Phase 1/2,2020-04-20,Sanofi,Solid Tumors,Pembrolizumab,172
NCT69033502,JDQ443 in Advanced NSCLC: Phase 3 Study,"Active, not recruiting",Phase 1/2,2024-02-21,AstraZeneca,Colorectal Cancer,Carboplatin,358
NCT32041265,Sotorasib in Non-Small Cell Lung Cancer: Phase 3 Study,Terminated,Phase 1,2021-07-15,Revolution Medicines,Solid Tumors,Divarasib,347
NCT47295614,SHP2i in Advanced NSCLC: Phase 1 Study,Completed,Phase 2,2024-02-28,AstraZeneca,Advanced NSCLC,Divarasib,483
NCT44620612,SHP2i in Non-Small Cell Lung Cancer: Phase 1 Study,Terminated,Phase 2,2023-01-30,Mirati,Colorectal Cancer,GDC-6036,180
NCT75976296,SHP2i in Colorectal Cancer: Phase 3 Study,Recruiting,Phase 3,2023-10-23,Amgen,Solid Tumors,JDQ443,359
NCT41102924,Adagrasib in Colorectal Cancer: Phase 2 Study,Terminated,Phase 3,2024-10-15,Merck,Pancreatic Cancer,Sotorasib,280
NCT70150439,Docetaxel in KRAS G12C Mutant: Phase 1 Study,Terminated,Phase 2,2021-07-07,Amgen,Solid Tumors,Pembrolizumab,152
NCT76591052,Pembrolizumab in Non-Small Cell Lung Cancer: Phase 3 Study,"Active, not recruiting",Phase 2/3,2023-10-19,Mirati,Pancreatic Cancer,GDC-6036,429
NCT45760950,Carboplatin in Pancreatic Cancer: Phase 2 Study,Recruiting,Phase 2/3,2020-09-30,Sanofi,Solid Tumors,SHP2i,272
NCT41061904,Carboplatin in Solid Tumors: Phase 2 Study,Completed,Phase 3,2022-07-09,Pfizer,Colorectal Cancer,Sotorasib,463
NCT61541121,Carboplatin in KRAS G12C Mutant: Phase 2 Study,"Active, not recruiting",Phase 1/2,2022-10-29,Amgen,Solid Tumors,Adagrasib,102
NCT42500899,SHP2i in Advanced NSCLC: Phase 2 Study,"Active, not recruiting",Phase 2/3,2022-03-14,Eli Lilly,Non-Small Cell Lung Cancer,RMC-6236,367
NCT91546515,Docetaxel in Solid Tumors: Phase 1 Study,Recruiting,Phase 2,2021-12-22,Merck,Solid Tumors,GDC-6036,113
NCT49928335,SHP2i in Solid Tumors: Phase 3 Study,Recruiting,Phase 2,2023-12-31,Pfizer,Advanced NSCLC,SHP2i,291
NCT18995070,GDC-6036 in Colorectal Cancer: Phase 1 Study,Terminated,Phase 3,2021-08-20,Pfizer,Non-Small Cell Lung Cancer,JDQ443,472
NCT55254381,SHP2i in Pancreatic Cancer: Phase 1 Study,Completed,Phase 3,2024-07-31,Merck,Non-Small Cell Lung Cancer,Sotorasib,434
NCT41760554,Docetaxel in Colorectal Cancer: Phase 2 Study,Completed,Phase 2,2024-09-01,Pfizer,KRAS G12C Mutant,GDC-6036,199
NCT74246768,JDQ443 in Solid Tumors: Phase 3 Study,Recruiting,Phase 1,2022-03-16,Mirati,Solid Tumors,Divarasib,378
NCT81678136,Pembrolizumab in Non-Small Cell Lung Cancer: Phase 3 Study,Terminated,Phase 2,2021-10-14,Eli Lilly,Solid Tumors,Sotorasib,215
NCT86425141,Docetaxel in Advanced NSCLC: Phase 1 Study,"Active, not recruiting",Phase 2,2021-02-28,Roche,Advanced NSCLC,Adagrasib,269
NCT86552946,Adagrasib in Colorectal Cancer: Phase 1 Study,Recruiting,Phase 1,2020-06-30,Mirati,Advanced NSCLC,GDC-6036,308
NCT59435340,JDQ443 in Non-Small Cell Lung Cancer: Phase 1 Study,Completed,Phase 2/3,2020-07-07,Sanofi,Solid Tumors,Carboplatin,478
NCT10887966,RMC-6236 in Solid Tumors: Phase 1 Study,Recruiting,Phase 2,2020-06-12,Mirati,Colorectal Cancer,Carboplatin,165
NCT38126890,Docetaxel in Non-Small Cell Lung Cancer: Phase 1 Study,Terminated,Phase 2/3,2022-11-05,AstraZeneca,KRAS G12C Mutant,SHP2i,463
NCT75815248,Carboplatin in Solid Tumors: Phase 1 Study,Completed,Phase 2/3,2023-01-09,AstraZeneca,KRAS G12C Mutant,GDC-6036,130
NCT38974663,Pembrolizumab in Pancreatic Cancer: Phase 3 Study,"Active, not recruiting",Phase 2,2023-08-02,Pfizer,Advanced NSCLC,Pembrolizumab,203
NCT89426536,GDC-6036 in KRAS G12C Mutant: Phase 1 Study,Completed,Phase 1/2,2022-08-24,Amgen,Advanced NSCLC,Carboplatin,433
NCT39090677,Docetaxel in Advanced NSCLC: Phase 1 Study,Completed,Phase 2,2021-05-05,Revolution Medicines,Non-Small Cell Lung Cancer,JDQ443,73
NCT80790375,JDQ443 in Pancreatic Cancer: Phase 1 Study,Completed,Phase 1,2023-09-20,Bristol-Myers Squibb,Solid Tumors,Adagrasib,432
NCT62765150,GDC-6036 in Non-Small Cell Lung Cancer: Phase 1 Study,Completed,Phase 2/3,2022-01-04,Sanofi,Non-Small Cell Lung Cancer,Docetaxel,399
NCT55476854,Docetaxel in Advanced NSCLC: Phase 3 Study,"Active, not recruiting",Phase 1,2020-08-14,Roche,Advanced NSCLC,Sotorasib,95
NCT91324647,SHP2i in KRAS G12C Mutant: Phase 1 Study,Recruiting,Phase 3,2023-02-24,Mirati,Solid Tumors,SHP2i,67
NCT31435496,Carboplatin in Solid Tumors: Phase 2 Study,Completed,Phase 2/3,2020-04-04,Roche,Colorectal Cancer,Sotorasib,357
NCT33271705,GDC-6036 in Pancreatic Cancer: Phase 3 Study,Completed,Phase 3,2023-01-02,AstraZeneca,Colorectal Cancer,Docetaxel,317
NCT67358159,Sotorasib in Solid Tumors: Phase 2 Study,Terminated,Phase 2/3,2020-06-02,Amgen,Pancreatic Cancer,JDQ443,185
NCT65271159,JDQ443 in Solid Tumors: Phase 2 Study,"Active, not recruiting",Phase 1/2,2023-05-24,Merck,Pancreatic Cancer,Docetaxel,295
NCT82829639,Adagrasib in Pancreatic Cancer: Phase 2 Study,Recruiting,Phase 3,2021-07-09,Bristol-Myers Squibb,Non-Small Cell Lung Cancer,Sotorasib,278
NCT54050603,Adagrasib in Advanced NSCLC: Phase 1 Study,Completed,Phase 3,2021-11-02,Sanofi,KRAS G12C Mutant,Divarasib,275
NCT30358632,Sotorasib in Pancreatic Cancer: Phase 3 Study,Recruiting,Phase 3,2020-01-22,Revolution Medicines,Non-Small Cell Lung Cancer,Sotorasib,66
NCT28459895,Divarasib in Pancreatic Cancer: Phase 2 Study,Terminated,Phase 1/2,2024-08-09,Pfizer,Colorectal Cancer,Carboplatin,294
NCT75639715,GDC-6036 in Non-Small Cell Lung Cancer: Phase 2 Study,"Active, not recruiting",Phase 3,2024-06-15,Revolution Medicines,Pancreatic Cancer,SHP2i,82
NCT13437678,JDQ443 in Non-Small Cell Lung Cancer: Phase 1 Study,"Active, not recruiting",Phase 1,2024-03-14,Revolution Medicines,Advanced NSCLC,JDQ443,150
NCT41214434,GDC-6036 in Advanced NSCLC: Phase 1 Study,"Active, not recruiting",Phase 2,2022-12-04,Revolution Medicines,Solid Tumors,GDC-6036,50
NCT86086200,Adagrasib in Solid Tumors: Phase 2 Study,Completed,Phase 2/3,2023-06-16,Merck,Solid Tumors,RMC-6236,25
NCT91219922,Pembrolizumab in Colorectal Cancer: Phase 2 Study,Completed,Phase 3,2023-04-03,Bristol-Myers Squibb,Solid Tumors,Divarasib,338
NCT76507125,Divarasib in KRAS G12C Mutant: Phase 1 Study,Recruiting,Phase 3,2022-09-03,Revolution Medicines,KRAS G12C Mutant,Adagrasib,282
NCT27499546,Adagrasib in Solid Tumors: Phase 1 Study,Completed,Phase 2,2021-11-25,Sanofi,Solid Tumors,Docetaxel,282
NCT16474109,Adagrasib in Solid Tumors: Phase 2 Study,Completed,Phase 3,2022-08-31,Roche,Solid Tumors,Docetaxel,382
NCT52091734,Docetaxel in Pancreatic Cancer: Phase 3 Study,Recruiting,Phase 2/3,2024-05-26,Sanofi,KRAS G12C Mutant,SHP2i,301
NCT39388593,Carboplatin in Pancreatic Cancer: Phase 3 Study,Recruiting,Phase 1,2024-08-07,Amgen,Non-Small Cell Lung Cancer,Adagrasib,280
NCT95511114,Adagrasib in Colorectal Cancer: Phase 1 Study,"Active, not recruiting",Phase 1,2021-03-23,Mirati,KRAS G12C Mutant,Sotorasib,121
NCT81365900,Adagrasib in Pancreatic Cancer: Phase 2 Study,"Active, not recruiting",Phase 1/2,2023-04-09,Revolution Medicines,Non-Small Cell Lung Cancer,Sotorasib,364
NCT96275036,GDC-6036 in Colorectal Cancer: Phase 2 Study,Terminated,Phase 3,2024-01-29,Roche,KRAS G12C Mutant,Adagrasib,360
NCT80701341,Divarasib in Colorectal Cancer: Phase 2 Study,Recruiting,Phase 2,2023-11-17,Pfizer,Advanced NSCLC,Pembrolizumab,476
NCT51567870,Carboplatin in KRAS G12C Mutant: Phase 1 Study,Recruiting,Phase 2,2023-10-21,Amgen,KRAS G12C Mutant,Docetaxel,177
NCT82580260,Carboplatin in Pancreatic Cancer: Phase 3 Study,Completed,Phase 1/2,2022-01-15,Mirati,Solid Tumors,Sotorasib,103
NCT43404627,Pembrolizumab in Pancreatic Cancer: Phase 3 Study,"Active, not recruiting",Phase 1/2,2021-06-13,Eli Lilly,Solid Tumors,Adagrasib,260
NCT69246110,JDQ443 in Non-Small Cell Lung Cancer: Phase 3 Study,Recruiting,Phase 1,2020-03-14,AstraZeneca,Solid Tumors,Pembrolizumab,437
NCT24852875,Docetaxel in Solid Tumors: Phase 1 Study,Recruiting,Phase 1,2022-11-17,Bristol-Myers Squibb,Solid Tumors,Docetaxel,392
NCT29318256,Carboplatin in Pancreatic Cancer: Phase 1 Study,Completed,Phase 1,2024-11-24,AstraZeneca,Pancreatic Cancer,SHP2i,63
NCT89487493,SHP2i in Solid Tumors: Phase 2 Study,"Active, not recruiting",Phase 2,2024-03-28,Revolution Medicines,Non-Small Cell Lung Cancer,Sotorasib,47
NCT64105613,SHP2i in Advanced NSCLC: Phase 2 Study,"Active, not recruiting",Phase 2,2023-07-23,Pfizer,Solid Tumors,SHP2i,213
NCT19971794,SHP2i in Colorectal Cancer: Phase 1 Study,Terminated,Phase 3,2022-03-31,Merck,Pancreatic Cancer,Docetaxel,84
NCT34938245,GDC-6036 in Pancreatic Cancer: Phase 3 Study,Terminated,Phase 2/3,2022-01-26,Amgen,Advanced NSCLC,Docetaxel,92
NCT83595753,SHP2i in Solid Tumors: Phase 2 Study,Completed,Phase 1,2023-04-21,Mirati,Solid Tumors,GDC-6036,260
NCT33317541,JDQ443 in Non-Small Cell Lung Cancer: Phase 2 Study,Recruiting,Phase 2/3,2024-11-10,AstraZeneca,Colorectal Cancer,Carboplatin,110
NCT31198970,SHP2i in Solid Tumors: Phase 3 Study,Terminated,Phase 1,2020-08-30,Bristol-Myers Squibb,Advanced NSCLC,Carboplatin,453
NCT77940864,Carboplatin in Non-Small Cell Lung Cancer: Phase 2 Study,Terminated,Phase 2/3,2022-10-15,Bristol-Myers Squibb,KRAS G12C Mutant,Divarasib,380
NCT14661532,Docetaxel in Colorectal Cancer: Phase 2 Study,Recruiting,Phase 2,2021-11-19,Amgen,Non-Small Cell Lung Cancer,Sotorasib,431
NCT72484781,JDQ443 in Colorectal Cancer: Phase 2 Study,Recruiting,Phase 1,2020-08-20,Revolution Medicines,Non-Small Cell Lung Cancer,Carboplatin,43
NCT30067051,JDQ443 in Pancreatic Cancer: Phase 1 Study,Recruiting,Phase 1,2021-05-28,Roche,KRAS G12C Mutant,Carboplatin,353
NCT25479200,RMC-6236 in Solid Tumors: Phase 3 Study,"Active, not recruiting",Phase 1/2,2024-05-27,Mirati,Advanced NSCLC,Docetaxel,225
NCT24106876,GDC-6036 in Non-Small Cell Lung Cancer: Phase 2 Study,"Active, not recruiting",Phase 1/2,2023-01-05,Mirati,Solid Tumors,Sotorasib,195
NCT65994791,Sotorasib in Pancreatic Cancer: Phase 2 Study,"Active, not recruiting",Phase 1/2,2020-03-29,Mirati,Solid Tumors,GDC-6036,169
NCT56272070,SHP2i in Pancreatic Cancer: Phase 2 Study,Recruiting,Phase 1,2023-05-03,Pfizer,Non-Small Cell Lung Cancer,Docetaxel,29
NCT61091173,RMC-6236 in Pancreatic Cancer: Phase 1 Study,"Active, not recruiting",Phase 3,2022-03-15,Sanofi,Non-Small Cell Lung Cancer,Docetaxel,439
NCT79254681,Docetaxel in Colorectal Cancer: Phase 3 Study,Completed,Phase 3,2020-12-02,Merck,KRAS G12C Mutant,JDQ443,400
NCT50175596,RMC-6236 in KRAS G12C Mutant: Phase 2 Study,"Active, not recruiting",Phase 2,2022-12-16,AstraZeneca,Colorectal Cancer,Carboplatin,230
NCT40648962,Divarasib in Pancreatic Cancer: Phase 3 Study,"Active, not recruiting",Phase 2,2021-03-25,Mirati,Advanced NSCLC,Docetaxel,26
NCT11970923,Pembrolizumab in Colorectal Cancer: Phase 3 Study,Completed,Phase 3,2022-04-05,Revolution Medicines,Colorectal Cancer,GDC-6036,468
